"cartodb_id","geocode_string","lon","lat"
"537491","ALGARROBO 1041,Capital Federal,Argentina","-58.3794556","-34.6548386"
"336659","Atlanta, GA 30326","-84.36326","33.84942"
"336660","BalHarbour, FL 33154","8.6089401","51.6737709"
"537492","ARCOS 2601,Capital Federal,Argentina","-58.4578514","-34.5555382"
"336662","BocaRaton, FL 33431","-80.1003571","26.3787003"
"336663","Boston, MA 02116","-71.0766","42.35"
"336664","Calgary, AB T2H 0K8","-114.0717316","50.9958191"
"336665","Charlotte, NC 28211","-80.79266","35.17108"
"336666","Chicago, IL 60611","-87.61596","41.89578"
"336667","CostaMesa, CA 92626","-117.9029922","33.6638603"
"336668","Dallas, TX 75205","-96.79462","32.83385"
"336669","EastHampton, NY 11937","-72.1855927","40.9632797"
"336670","Greenwich, CT 06820","-73.6397705","41.0642509"
"336671","Hackensack, NJ 07601","-74.04446","40.88606"
"336672","Honolulu, HI 96814","-157.84674","21.29384"
"336673","Honolulu, HI 96815","-157.82357","21.27307"
"336674","Houston, TX 77506","-95.2002","29.71573"
"336675","KofP, PA 19406","-75.3849792","40.0907784"
"336676","LasVegas, NV 89109","-115.164032","36.1224709"
"336677","LosAngeles, CA 90048","-118.3760834","34.0708504"
"336678","LosAngeles, CA 90067","-118.4145508","34.0573692"
"336679","Malibu, CA 90265","-118.68796","34.03652"
"336680","Manhasset, NY 11030","-73.69817","40.79823"
"336681","McClean, VA 22102","-77.1842804","38.9365196"
"336682","Naples, FL 34108","-81.80715","26.24336"
"336683","Nashville, TE 37215","-86.8383179","36.0861511"
"336684","NYC, NY 10012","-73.99835","40.72616"
"336685","NYC, NY 10014","-74.00697","40.735"
"336686","NYC, NY 10065","-73.96311","40.76745"
"336688","PalmBeach, FL 33410","-80.1052628","26.8333797"
"336689","PalmBeach, FL 33480","-80.0365829","26.7028809"
"336690","PaloAlto, CA 94304","-122.1706696","37.371151"
"3026785","1006 Balanced Rock Pl. Round Rock, TX 78681 United States","",""
"336692","SanDiego, CA 92108","-117.1470566","32.7754097"
"336693","SanFrancisco, CA 94103","-122.4126968","37.7753716"
"336694","SanFrancisco, CA 94108","-122.4089127","37.7908211"
"336695","SantaClara, CA 95050","-121.9549713","37.3557701"
"336696","SantaMonica, CA 90401","-118.4922638","34.0115891"
"336697","Scottsdale, AZ 85251","-111.92069","33.494"
"336698","ShortHills, NJ 07078","-74.3654022","40.7414017"
"3026786","1008 Blackwell Ct. Unit 1 Richmond, KY 40475 United States","-84.3119202","37.7303886"
"336700","Toronto, ON M6A 2T9","-79.4570847","43.7249527"
"336701","Troy, MI 48084","-83.15449","42.56238"
"336702","WhitePlains, NY 10601","-73.7641373","41.0335083"
"537493","AVENIDA CABILDO 3067,Capital Federal,Argentina","-58.4640121","-34.5537682"
"537494","AVENIDA JURAMENTO 2291,Capital Federal,Argentina","-58.4555473","-34.5612259"
"537495","AVENIDA PATRICIAS ARGENTINAS 102,Capital Federal,Argentina","-58.4334183","-34.6077576"
"537496","AVENIDA PATRICIAS ARGENTINAS 401,Capital Federal,Argentina","-58.4348793","-34.6042862"
"537497","CUBA 2410,Capital Federal,Argentina","-58.4574432","-34.5580177"
"537498","RAMALLO 4656,Capital Federal,Argentina","-58.4935913","-34.5525894"
"1007606","Natchetz, MS, USA","91","31.33"
"1087622","365 Sunset Dr Dousman  WI 53118","-88.4679108","43.0233917"
"1087623","365 Westport Ave Norwalk  CT 06851","-73.3920212","41.1259384"
"547172","Evansville, IN","-87.56405","37.97708"
"336687","Orlando, FL 32839","-81.41139","28.48885"
"1007605","Cambridge, MA, USA","71","42"
"537499",",  , Argentina","-58.37349","-34.60851"
"537500","Avenida Amancio Alcorta 3000, Capital Federal , Argentina","-58.4033432","-34.648056"
"537501","Avenida Caseros 2526, Capital Federal , Argentina","-58.3978271","-34.6358452"
"537502","Avenida Cnel. Niceto Vega 5411, Capital Federal , Argentina","-58.4374237","-34.5878792"
"537503","Avenida Coronel Roca 5252, Capital Federal , Argentina","-58.4568024","-34.6864014"
"537504","Avenida Emilio Castro 7680, Capital Federal , Argentina","-58.5246887","-34.6564369"
"537505","Avenida Eva Perón 5251, Capital Federal , Argentina","-58.4819603","-34.6597061"
"537506","Avenida Francisco Beiró 3994, Capital Federal , Argentina","-58.5080223","-34.6037407"
"537507","Avenida José María Moreno 121, Capital Federal , Argentina","-58.3683586","-34.6110153"
"537508","Avenida Juramento 2427, Capital Federal , Argentina","-58.4566078","-34.5618515"
"537509","Avenida Rivadavia 3883, Capital Federal , Argentina","-58.4207497","-34.611248"
"537510","Avenida Roca 5252, Capital Federal , Argentina","-58.4568024","-34.6864014"
"537511","Avenida San Pedrito 60, Capital Federal , Argentina","-58.4691086","-34.6315002"
"1509704","85, 44","",""
"537512","Avenida Santa Fe 1748, Capital Federal , Argentina","-58.3926048","-34.5960007"
"537513","Avenida Santa Fe 3259, Capital Federal , Argentina","-58.4108315","-34.5883675"
"537514","Avenida Segurola 726, Capital Federal , Argentina","-58.4896622","-34.628334"
"537515","Avenida Tristán Achával Rodríguez 1550, Capital Federal , Argentina","-58.3571701","-34.6153946"
"537516","Congreso 4364, Capital Federal , Argentina","-58.4821205","-34.5656586"
"537517","Corrientes 2937, Capital Federal , Argentina","-58.4070511","-34.6042252"
"537518","Estados Unidos 3275, Capital Federal , Argentina","-58.4119568","-34.6215973"
"537519","Lisandro de la Torre 39, Capital Federal , Argentina","-58.5213661","-34.6394348"
"537520","Parque de la Ciudad , Capital Federal , Argentina","-58.3734894","-34.6085091"
"537521","Porcel de Peralta 750, Capital Federal , Argentina","-58.5240211","-34.6293488"
"537522","Quilmes 436, Capital Federal , Argentina","-58.4172134","-34.6446114"
"537523","Ramallo 4656, Capital Federal , Argentina","-58.4935913","-34.5525894"
"537524","Remedios 3761, Capital Federal , Argentina","-58.4766731","-34.6412926"
"537525","Roma 2, Vicente Lopez , Argentina","-58.4794044","-34.4999123"
"537526","Valdenegro 4281, Capital Federal , Argentina","-58.4948502","-34.5549965"
"537527","Viamonte 808, Capital Federal , Argentina","-58.3784561","-34.6002083"
"3026787","100 e NASA # 402 Webster, TX 77598 United States","",""
"547177","Greenwood, MS","-90.18039","33.51711"
"547178","Harlingen, TX","-97.69555","26.18986"
"547183","Kingsport, TN","-82.56042","36.5478"
"547192","Wilkes Barre, PA","-75.8771","41.24276"
"635462","1140 W Mill StSn Bernrdno, CA,92410","",""
"554844","1060 Cerrillos RoadSanta FeNew Mexico","-105.9558105","35.6765747"
"584046","103 Prince Street New York NY 10012","-73.99897","40.7251015"
"547180","Idaho Falls, ID","-112.04199","43.492"
"547179","Harrisburg, PA","-76.88223","40.25987"
"642410","Gliwice","",""
"547189","St Louis, MO","-90.19956","38.62775"
"1509417","595, 44","",""
"547174","Fort Wayne, IN","-85.13831","41.08026"
"1509418","596, 44","",""
"1509419","597, 44","",""
"547190","Wausau, WI","-89.63031","44.95954"
"1509420","598, 44","",""
"1509421","599, 44","",""
"1509422","600, 44","",""
"1509423","601, 44","",""
"1509424","602, 44","",""
"1509425","603, 44","",""
"1509426","60, 44","",""
"1509427","604, 44","",""
"336799","New York, Bronx, Kings, New York,Queens, and Richmond , new york, usa","-75.6891521001872","42.9902482242734"
"1509428","605, 44","",""
"1509429","606, 44","",""
"1509430","607, 44","",""
"1509431","608, 44","",""
"1509432","609, 44","",""
"1509433","610, 44","",""
"1509434","611, 44","",""
"547187","San Angelo, TX","-100.44242","31.4615"
"3026788","1015 E. 15th Street Plano, TX 75074 United States","-96.7002487","33.0199699"
"3026789","1018 Bay Sky Way Seabrook, TX 77586 United States","-95.0125275","29.5757408"
"3026790","102 W. 29th St. Apt. 3N ew York, NY 10001 United States","-73.9906006","40.7466316"
"3026791","10301 Binky Ln Bonita Springs, FL 34135 United States","-81.7824707","26.3624001"
"635463","1150 Ballena Blvd Ste 102Alameda, CA,94501","",""
"635464","1151 S Huron StDenver, CO,80223","",""
"635465","115 5th Avenue, 6th FloorNew York, NY,10003","",""
"635466","1159 E Warnock AveSalt Lake Cty, UT,84106","",""
"537531","Dachau","11.43434","48.25941"
"336828","corpus christi, texas, USA","-97.40356","27.79641"
"336829","1001 N Water Street, Corpus Christi, TX , Corpus Christi, Texas, USA","-97.40356","27.79641"
"336830","1002 N Chaparral Street, Corpus Christi, TX , Corpus Christi, Texas, USA","-97.40356","27.79641"
"336831","100 N Shoreline Street, Corpus Christi, TX , Corpus Christi, Texas, USA","-97.40356","27.79641"
"336832","1013 N Shoreline Street, Corpus Christi, TX , Corpus Christi, Texas, USA","-97.40356","27.79641"
"336833","1014  Mesquite Street, Corpus Christi, TX , Corpus Christi, Texas, USA","-97.40356","27.79641"
"336834","1015 N Chaparral Street, Corpus Christi, TX , Corpus Christi, Texas, USA","-97.40356","27.79641"
"336835","101 N Chaparral Street, Corpus Christi, TX , Corpus Christi, Texas, USA","-97.40356","27.79641"
"336836","101 N Shoreline Street, Corpus Christi, TX , Corpus Christi, Texas, USA","-97.40356","27.79641"
"336837","101 N Upper Broadway Street, Corpus Christi, TX , Corpus Christi, Texas, USA","-97.40356","27.79641"
"336838","101 N Water Street, Corpus Christi, TX , Corpus Christi, Texas, USA","-97.40356","27.79641"
"336839","102  Mesquite Street, Corpus Christi, TX , Corpus Christi, Texas, USA","-97.40356","27.79641"
"336840","103 N Water Street, Corpus Christi, TX , Corpus Christi, Texas, USA","-97.40356","27.79641"
"336841","104 N Chaparral Street, Corpus Christi, TX , Corpus Christi, Texas, USA","-97.40356","27.79641"
"1509705","854, 44","",""
"336842","106 N Chaparral Street, Corpus Christi, TX , Corpus Christi, Texas, USA","-97.40356","27.79641"
"336843","107 N Water Street, Corpus Christi, TX , Corpus Christi, Texas, USA","-97.40356","27.79641"
"336844","108  Mesquite Street, Corpus Christi, TX , Corpus Christi, Texas, USA","-97.40356","27.79641"
"336845","109 N Chaparral Street, Corpus Christi, TX , Corpus Christi, Texas, USA","-97.40356","27.79641"
"336846","1100  Mesquite Street, Corpus Christi, TX , Corpus Christi, Texas, USA","-97.40356","27.79641"
"336847","1101 N Shoreline Street, Corpus Christi, TX , Corpus Christi, Texas, USA","-97.40356","27.79641"
"336848","1111  Mesquite Street, Corpus Christi, TX , Corpus Christi, Texas, USA","-97.40356","27.79641"
"336849","1120 N Tancahua Street, Corpus Christi, TX , Corpus Christi, Texas, USA","-97.40356","27.79641"
"336850","113 N Chaparral Street, Corpus Christi, TX , Corpus Christi, Texas, USA","-97.40356","27.79641"
"336851","113 N Water Street, Corpus Christi, TX , Corpus Christi, Texas, USA","-97.40356","27.79641"
"336852","116  Mesquite Street, Corpus Christi, TX , Corpus Christi, Texas, USA","-97.40356","27.79641"
"336853","117 N Chaparral Street, Corpus Christi, TX , Corpus Christi, Texas, USA","-97.40356","27.79641"
"336854","118 N Chaparral Street, Corpus Christi, TX , Corpus Christi, Texas, USA","-97.40356","27.79641"
"336855","1201  Mesquite Street, Corpus Christi, TX , Corpus Christi, Texas, USA","-97.40356","27.79641"
"336856","1201 N Chaparral Street, Corpus Christi, TX , Corpus Christi, Texas, USA","-97.40356","27.79641"
"336857","1201 N Water Street, Corpus Christi, TX , Corpus Christi, Texas, USA","-97.40356","27.79641"
"336858","1202 N Chaparral Street, Corpus Christi, TX , Corpus Christi, Texas, USA","-97.40356","27.79641"
"336859","1205  Mesquite Street, Corpus Christi, TX , Corpus Christi, Texas, USA","-97.40356","27.79641"
"336860","1206 N Chaparral Street, Corpus Christi, TX , Corpus Christi, Texas, USA","-97.40356","27.79641"
"336861","1207  Mesquite Street, Corpus Christi, TX , Corpus Christi, Texas, USA","-97.40356","27.79641"
"336862","120  Mesquite Street, Corpus Christi, TX , Corpus Christi, Texas, USA","-97.40356","27.79641"
"537533","Grobina","21.17155","56.53454"
"537535","Kil","13.31934","59.50429"
"336863","120 N Chaparral Street, Corpus Christi, TX , Corpus Christi, Texas, USA","-97.40356","27.79641"
"336864","1214 N Chaparral Street, Corpus Christi, TX , Corpus Christi, Texas, USA","-97.40356","27.79641"
"336865","1215  Mesquite Street, Corpus Christi, TX , Corpus Christi, Texas, USA","-97.40356","27.79641"
"336866","1216  Mesquite Street, Corpus Christi, TX , Corpus Christi, Texas, USA","-97.40356","27.79641"
"336867","1216 N Chaparral Street, Corpus Christi, TX , Corpus Christi, Texas, USA","-97.40356","27.79641"
"336868","1217  Mesquite Street, Corpus Christi, TX , Corpus Christi, Texas, USA","-97.40356","27.79641"
"336869","1218 N Chaparral Street, Corpus Christi, TX , Corpus Christi, Texas, USA","-97.40356","27.79641"
"336870","1218 N Water Street, Corpus Christi, TX , Corpus Christi, Texas, USA","-97.40356","27.79641"
"336871","121 N Shoreline Street, Corpus Christi, TX , Corpus Christi, Texas, USA","-97.40356","27.79641"
"336872","1222 N Chaparral Street, Corpus Christi, TX , Corpus Christi, Texas, USA","-97.40356","27.79641"
"336873","1224  Mesquite Street, Corpus Christi, TX , Corpus Christi, Texas, USA","-97.40356","27.79641"
"336874","1224 N Chaparral Street, Corpus Christi, TX , Corpus Christi, Texas, USA","-97.40356","27.79641"
"336875","127 N Chaparral Street, Corpus Christi, TX , Corpus Christi, Texas, USA","-97.40356","27.79641"
"336876","128  Mesquite Street, Corpus Christi, TX , Corpus Christi, Texas, USA","-97.40356","27.79641"
"336877","1301  Mesquite Street, Corpus Christi, TX , Corpus Christi, Texas, USA","-97.40356","27.79641"
"336878","1301 N Chaparral Street, Corpus Christi, TX , Corpus Christi, Texas, USA","-97.40356","27.79641"
"336879","1301 N Water Street, Corpus Christi, TX , Corpus Christi, Texas, USA","-97.40356","27.79641"
"336880","1302  Mesquite Street, Corpus Christi, TX , Corpus Christi, Texas, USA","-97.40356","27.79641"
"336881","1302 N Chaparral Street, Corpus Christi, TX , Corpus Christi, Texas, USA","-97.40356","27.79641"
"336882","1305  Mesquite Street, Corpus Christi, TX , Corpus Christi, Texas, USA","-97.40356","27.79641"
"336883","1305 N Shoreline Street, Corpus Christi, TX , Corpus Christi, Texas, USA","-97.40356","27.79641"
"336884","1305 N Water Street, Corpus Christi, TX , Corpus Christi, Texas, USA","-97.40356","27.79641"
"336885","1306 N Broadway Street, Corpus Christi, TX , Corpus Christi, Texas, USA","-97.40356","27.79641"
"336886","1306 N Chaparral Street, Corpus Christi, TX , Corpus Christi, Texas, USA","-97.40356","27.79641"
"336887","1307  Mesquite Street, Corpus Christi, TX , Corpus Christi, Texas, USA","-97.40356","27.79641"
"336888","1308  Mesquite Street, Corpus Christi, TX , Corpus Christi, Texas, USA","-97.40356","27.79641"
"336889","1309  Mesquite Street, Corpus Christi, TX , Corpus Christi, Texas, USA","-97.40356","27.79641"
"336890","1309 N Chaparral Street, Corpus Christi, TX , Corpus Christi, Texas, USA","-97.40356","27.79641"
"336891","1310  Mesquite Street, Corpus Christi, TX , Corpus Christi, Texas, USA","-97.40356","27.79641"
"1509706","855, 44","",""
"336892","1310 N Chaparral Street, Corpus Christi, TX , Corpus Christi, Texas, USA","-97.40356","27.79641"
"336893","1312 N Broadway Street, Corpus Christi, TX , Corpus Christi, Texas, USA","-97.40356","27.79641"
"336894","1314 N Chaparral Street, Corpus Christi, TX , Corpus Christi, Texas, USA","-97.40356","27.79641"
"336895","1314 N Water Street, Corpus Christi, TX , Corpus Christi, Texas, USA","-97.40356","27.79641"
"336896","1315  Mesquite Street, Corpus Christi, TX , Corpus Christi, Texas, USA","-97.40356","27.79641"
"336897","1315 N Chaparral Street, Corpus Christi, TX , Corpus Christi, Texas, USA","-97.40356","27.79641"
"336898","1316 N Chaparral Street, Corpus Christi, TX , Corpus Christi, Texas, USA","-97.40356","27.79641"
"336899","1318  Mesquite Street, Corpus Christi, TX , Corpus Christi, Texas, USA","-97.40356","27.79641"
"336900","1318 N Broadway Street, Corpus Christi, TX , Corpus Christi, Texas, USA","-97.40356","27.79641"
"336901","1318 N Water Street, Corpus Christi, TX , Corpus Christi, Texas, USA","-97.40356","27.79641"
"336902","1319  Mesquite Street, Corpus Christi, TX , Corpus Christi, Texas, USA","-97.40356","27.79641"
"336903","1319 N Chaparral Street, Corpus Christi, TX , Corpus Christi, Texas, USA","-97.40356","27.79641"
"336904","1320  Mesquite Street, Corpus Christi, TX , Corpus Christi, Texas, USA","-97.40356","27.79641"
"3026792","1048 Augusta Dr Houston, TX 77057 United States","",""
"336905","1321 N Water Street, Corpus Christi, TX , Corpus Christi, Texas, USA","-97.40356","27.79641"
"336906","1323 N Chaparral Street, Corpus Christi, TX , Corpus Christi, Texas, USA","-97.40356","27.79641"
"336907","1324  Mesquite Street, Corpus Christi, TX , Corpus Christi, Texas, USA","-97.40356","27.79641"
"336908","1401  Mesquite Street, Corpus Christi, TX , Corpus Christi, Texas, USA","-97.40356","27.79641"
"336909","1401 N Shoreline Street, Corpus Christi, TX , Corpus Christi, Texas, USA","-97.40356","27.79641"
"336910","1401 N Water Street, Corpus Christi, TX , Corpus Christi, Texas, USA","-97.40356","27.79641"
"336911","1402 N Chaparral Street, Corpus Christi, TX , Corpus Christi, Texas, USA","-97.40356","27.79641"
"336912","1403 N Chaparral Street, Corpus Christi, TX , Corpus Christi, Texas, USA","-97.40356","27.79641"
"336913","1405 N Chaparral Street, Corpus Christi, TX , Corpus Christi, Texas, USA","-97.40356","27.79641"
"336914","1405 N Water Street, Corpus Christi, TX , Corpus Christi, Texas, USA","-97.40356","27.79641"
"336915","1407  Mesquite Street, Corpus Christi, TX , Corpus Christi, Texas, USA","-97.40356","27.79641"
"336916","1408  Mesquite Street, Corpus Christi, TX , Corpus Christi, Texas, USA","-97.40356","27.79641"
"336917","1409 N Chaparral Street, Corpus Christi, TX , Corpus Christi, Texas, USA","-97.40356","27.79641"
"336918","1410 N Chaparral Street, Corpus Christi, TX , Corpus Christi, Texas, USA","-97.40356","27.79641"
"336919","1415 N Chaparral Street, Corpus Christi, TX , Corpus Christi, Texas, USA","-97.40356","27.79641"
"336920","1415 N Water Street, Corpus Christi, TX , Corpus Christi, Texas, USA","-97.40356","27.79641"
"336921","1416  Mesquite Street, Corpus Christi, TX , Corpus Christi, Texas, USA","-97.40356","27.79641"
"336922","1418 N Broadway Street, Corpus Christi, TX , Corpus Christi, Texas, USA","-97.40356","27.79641"
"336923","1419  Mesquite Street, Corpus Christi, TX , Corpus Christi, Texas, USA","-97.40356","27.79641"
"336924","1420  Mesquite Street, Corpus Christi, TX , Corpus Christi, Texas, USA","-97.40356","27.79641"
"336925","1421  Mesquite Street, Corpus Christi, TX , Corpus Christi, Texas, USA","-97.40356","27.79641"
"336926","1421 N Chaparral Street, Corpus Christi, TX , Corpus Christi, Texas, USA","-97.40356","27.79641"
"336927","1421 N Water Street, Corpus Christi, TX , Corpus Christi, Texas, USA","-97.40356","27.79641"
"336928","1422  Mesquite Street, Corpus Christi, TX , Corpus Christi, Texas, USA","-97.40356","27.79641"
"336929","1422 N Chaparral Street, Corpus Christi, TX , Corpus Christi, Texas, USA","-97.40356","27.79641"
"336930","1446 N Tancahua Street, Corpus Christi, TX , Corpus Christi, Texas, USA","-97.40356","27.79641"
"336931","201 N Chaparral Street, Corpus Christi, TX , Corpus Christi, Texas, USA","-97.40356","27.79641"
"336932","201 N Shoreline Street, Corpus Christi, TX , Corpus Christi, Texas, USA","-97.40356","27.79641"
"336933","201 N Tancahua Street, Corpus Christi, TX , Corpus Christi, Texas, USA","-97.40356","27.79641"
"336934","201 S Chaparral Street, Corpus Christi, TX , Corpus Christi, Texas, USA","-97.40356","27.79641"
"336935","201 S Upper Broadway Street, Corpus Christi, TX , Corpus Christi, Texas, USA","-97.40356","27.79641"
"336936","202  Mesquite Street, Corpus Christi, TX , Corpus Christi, Texas, USA","-97.40356","27.79641"
"336937","205 S Carancahua Street, Corpus Christi, TX , Corpus Christi, Texas, USA","-97.40356","27.79641"
"336938","205 S Upper Broadway Street, Corpus Christi, TX , Corpus Christi, Texas, USA","-97.40356","27.79641"
"336939","206 S Tancahua Street, Corpus Christi, TX , Corpus Christi, Texas, USA","-97.40356","27.79641"
"336940","208  Mesquite Street, Corpus Christi, TX , Corpus Christi, Texas, USA","-97.40356","27.79641"
"336941","208 N Water Street, Corpus Christi, TX , Corpus Christi, Texas, USA","-97.40356","27.79641"
"341461","M30 0TU, UK","-2.33904","53.4825096"
"336942","209 N Water Street, Corpus Christi, TX , Corpus Christi, Texas, USA","-97.40356","27.79641"
"336943","209 S Carancahua Street, Corpus Christi, TX , Corpus Christi, Texas, USA","-97.40356","27.79641"
"336944","210 N Carancahua Street, Corpus Christi, TX , Corpus Christi, Texas, USA","-97.40356","27.79641"
"336945","210 N Shoreline Street, Corpus Christi, TX , Corpus Christi, Texas, USA","-97.40356","27.79641"
"336946","210 N Water Street, Corpus Christi, TX , Corpus Christi, Texas, USA","-97.40356","27.79641"
"635467","115 E Micheltorena St 200Santa Barbara, CA,93101","",""
"336947","210 S Tancahua Street, Corpus Christi, TX , Corpus Christi, Texas, USA","-97.40356","27.79641"
"336948","213  Mesquite Street, Corpus Christi, TX , Corpus Christi, Texas, USA","-97.40356","27.79641"
"336949","213 S Chaparral Street, Corpus Christi, TX , Corpus Christi, Texas, USA","-97.40356","27.79641"
"336950","214  Mesquite Street, Corpus Christi, TX , Corpus Christi, Texas, USA","-97.40356","27.79641"
"336951","216  Mesquite Street, Corpus Christi, TX , Corpus Christi, Texas, USA","-97.40356","27.79641"
"336952","218 N Chaparral Street, Corpus Christi, TX , Corpus Christi, Texas, USA","-97.40356","27.79641"
"336953","218 N Water Street, Corpus Christi, TX , Corpus Christi, Texas, USA","-97.40356","27.79641"
"336954","221 N Shoreline Street, Corpus Christi, TX , Corpus Christi, Texas, USA","-97.40356","27.79641"
"336955","221 S Shoreline Street, Corpus Christi, TX , Corpus Christi, Texas, USA","-97.40356","27.79641"
"336956","221 S Water Street, Corpus Christi, TX , Corpus Christi, Texas, USA","-97.40356","27.79641"
"336957","222 N Chaparral Street, Corpus Christi, TX , Corpus Christi, Texas, USA","-97.40356","27.79641"
"336958","222  Power Street, Corpus Christi, TX , Corpus Christi, Texas, USA","-97.40356","27.79641"
"336959","222 S Shoreline Street, Corpus Christi, TX , Corpus Christi, Texas, USA","-97.40356","27.79641"
"336960","223 N Chaparral Street, Corpus Christi, TX , Corpus Christi, Texas, USA","-97.40356","27.79641"
"336961","224  Mesquite Street, Corpus Christi, TX , Corpus Christi, Texas, USA","-97.40356","27.79641"
"336962","225 S Carancahua Street, Corpus Christi, TX , Corpus Christi, Texas, USA","-97.40356","27.79641"
"336963","226 S Tancahua Street, Corpus Christi, TX , Corpus Christi, Texas, USA","-97.40356","27.79641"
"336964","227 N Water Street, Corpus Christi, TX , Corpus Christi, Texas, USA","-97.40356","27.79641"
"336965","300 N Shoreline Street, Corpus Christi, TX , Corpus Christi, Texas, USA","-97.40356","27.79641"
"336966","300 S Chaparral Street, Corpus Christi, TX , Corpus Christi, Texas, USA","-97.40356","27.79641"
"336967","301  I-37 Street, Corpus Christi, TX , Corpus Christi, Texas, USA","-97.40356","27.79641"
"336968","301  Mesquite Street, Corpus Christi, TX , Corpus Christi, Texas, USA","-97.40356","27.79641"
"336969","301 N Chaparral Street, Corpus Christi, TX , Corpus Christi, Texas, USA","-97.40356","27.79641"
"336970","301 N Water Street, Corpus Christi, TX , Corpus Christi, Texas, USA","-97.40356","27.79641"
"336971","301 S Shoreline Street, Corpus Christi, TX , Corpus Christi, Texas, USA","-97.40356","27.79641"
"336972","302 N Chaparral Street, Corpus Christi, TX , Corpus Christi, Texas, USA","-97.40356","27.79641"
"336973","302 S Chaparral Street, Corpus Christi, TX , Corpus Christi, Texas, USA","-97.40356","27.79641"
"336974","304 S Shoreline Street, Corpus Christi, TX , Corpus Christi, Texas, USA","-97.40356","27.79641"
"336975","305 N Water Street, Corpus Christi, TX , Corpus Christi, Texas, USA","-97.40356","27.79641"
"336976","306 N Chaparral Street, Corpus Christi, TX , Corpus Christi, Texas, USA","-97.40356","27.79641"
"336977","307 S Chaparral Street, Corpus Christi, TX , Corpus Christi, Texas, USA","-97.40356","27.79641"
"336978","309  I-37 Street, Corpus Christi, TX , Corpus Christi, Texas, USA","-97.40356","27.79641"
"336979","309  Mesquite Street, Corpus Christi, TX , Corpus Christi, Texas, USA","-97.40356","27.79641"
"336980","309 N Chaparral Street, Corpus Christi, TX , Corpus Christi, Texas, USA","-97.40356","27.79641"
"336981","309 N Water Street, Corpus Christi, TX , Corpus Christi, Texas, USA","-97.40356","27.79641"
"336982","309 S Chaparral Street, Corpus Christi, TX , Corpus Christi, Texas, USA","-97.40356","27.79641"
"336983","309 S Shoreline Street, Corpus Christi, TX , Corpus Christi, Texas, USA","-97.40356","27.79641"
"336984","309 S Water Street, Corpus Christi, TX , Corpus Christi, Texas, USA","-97.40356","27.79641"
"336985","310  Mesquite Street, Corpus Christi, TX , Corpus Christi, Texas, USA","-97.40356","27.79641"
"336986","311 S Shoreline Street, Corpus Christi, TX , Corpus Christi, Texas, USA","-97.40356","27.79641"
"336987","312 N Chaparral Street, Corpus Christi, TX , Corpus Christi, Texas, USA","-97.40356","27.79641"
"336988","313 N Water Street, Corpus Christi, TX , Corpus Christi, Texas, USA","-97.40356","27.79641"
"336989","314  Mesquite Street, Corpus Christi, TX , Corpus Christi, Texas, USA","-97.40356","27.79641"
"642412","Warschau","",""
"336990","314 N Chaparral Street, Corpus Christi, TX , Corpus Christi, Texas, USA","-97.40356","27.79641"
"336991","314  Twigg Street, Corpus Christi, TX , Corpus Christi, Texas, USA","-97.40356","27.79641"
"336992","315 N Chaparral Street, Corpus Christi, TX , Corpus Christi, Texas, USA","-97.40356","27.79641"
"336993","316  Lawrence Street, Corpus Christi, TX , Corpus Christi, Texas, USA","-97.40356","27.79641"
"336994","316 N Chaparral Street, Corpus Christi, TX , Corpus Christi, Texas, USA","-97.40356","27.79641"
"336995","317  Mesquite Street, Corpus Christi, TX , Corpus Christi, Texas, USA","-97.40356","27.79641"
"336996","317 N Chaparral Street, Corpus Christi, TX , Corpus Christi, Texas, USA","-97.40356","27.79641"
"336997","317 N Water Street, Corpus Christi, TX , Corpus Christi, Texas, USA","-97.40356","27.79641"
"336998","317  Peoples Street, Corpus Christi, TX , Corpus Christi, Texas, USA","-97.40356","27.79641"
"336999","317 S Carancahua Street, Corpus Christi, TX , Corpus Christi, Texas, USA","-97.40356","27.79641"
"337000","317 S Chaparral Street, Corpus Christi, TX , Corpus Christi, Texas, USA","-97.40356","27.79641"
"337001","319  Mesquite Street, Corpus Christi, TX , Corpus Christi, Texas, USA","-97.40356","27.79641"
"337002","319  Peoples Street, Corpus Christi, TX , Corpus Christi, Texas, USA","-97.40356","27.79641"
"337003","320 N Chaparral Street, Corpus Christi, TX , Corpus Christi, Texas, USA","-97.40356","27.79641"
"337004","321  Mesquite Street, Corpus Christi, TX , Corpus Christi, Texas, USA","-97.40356","27.79641"
"337005","321 N Water Street, Corpus Christi, TX , Corpus Christi, Texas, USA","-97.40356","27.79641"
"337006","321 S Water Street, Corpus Christi, TX , Corpus Christi, Texas, USA","-97.40356","27.79641"
"337007","322  Mann Street, Corpus Christi, TX , Corpus Christi, Texas, USA","-97.40356","27.79641"
"337008","322 N Chaparral Street, Corpus Christi, TX , Corpus Christi, Texas, USA","-97.40356","27.79641"
"337009","323 N Carancahua Street, Corpus Christi, TX , Corpus Christi, Texas, USA","-97.40356","27.79641"
"337010","323 N Chaparral Street, Corpus Christi, TX , Corpus Christi, Texas, USA","-97.40356","27.79641"
"337011","325  Mesquite Street, Corpus Christi, TX , Corpus Christi, Texas, USA","-97.40356","27.79641"
"337012","325 S Chaparral Street, Corpus Christi, TX , Corpus Christi, Texas, USA","-97.40356","27.79641"
"337013","326 N Chaparral Street, Corpus Christi, TX , Corpus Christi, Texas, USA","-97.40356","27.79641"
"337014","326 S Chaparral Street, Corpus Christi, TX , Corpus Christi, Texas, USA","-97.40356","27.79641"
"337015","329 S Water Street, Corpus Christi, TX , Corpus Christi, Texas, USA","-97.40356","27.79641"
"337016","330 S Chaparral Street, Corpus Christi, TX , Corpus Christi, Texas, USA","-97.40356","27.79641"
"337017","333 S Water Street, Corpus Christi, TX , Corpus Christi, Texas, USA","-97.40356","27.79641"
"337018","334 S Chaparral Street, Corpus Christi, TX , Corpus Christi, Texas, USA","-97.40356","27.79641"
"337019","341 S Shoreline Street, Corpus Christi, TX , Corpus Christi, Texas, USA","-97.40356","27.79641"
"337020","345 S Carancahua Street, Corpus Christi, TX , Corpus Christi, Texas, USA","-97.40356","27.79641"
"337021","345 S Upper Broadway Street, Corpus Christi, TX , Corpus Christi, Texas, USA","-97.40356","27.79641"
"337022","345 S Water Street, Corpus Christi, TX , Corpus Christi, Texas, USA","-97.40356","27.79641"
"337023","400  Mann Street, Corpus Christi, TX , Corpus Christi, Texas, USA","-97.40356","27.79641"
"337024","401 N Carancahua Street, Corpus Christi, TX , Corpus Christi, Texas, USA","-97.40356","27.79641"
"337025","401 N Chaparral Street, Corpus Christi, TX , Corpus Christi, Texas, USA","-97.40356","27.79641"
"337026","401 N Shoreline Street, Corpus Christi, TX , Corpus Christi, Texas, USA","-97.40356","27.79641"
"337027","401 N Water Street, Corpus Christi, TX , Corpus Christi, Texas, USA","-97.40356","27.79641"
"337028","401 S Shoreline Street, Corpus Christi, TX , Corpus Christi, Texas, USA","-97.40356","27.79641"
"337029","401 S Water Street, Corpus Christi, TX , Corpus Christi, Texas, USA","-97.40356","27.79641"
"337030","402  I-37 Street, Corpus Christi, TX , Corpus Christi, Texas, USA","-97.40356","27.79641"
"337031","402 N Chaparral Street, Corpus Christi, TX , Corpus Christi, Texas, USA","-97.40356","27.79641"
"337032","402 N Water Street, Corpus Christi, TX , Corpus Christi, Texas, USA","-97.40356","27.79641"
"337033","402  Peoples Street, Corpus Christi, TX , Corpus Christi, Texas, USA","-97.40356","27.79641"
"337034","404 N. Chaparral  , Corpus Christi, Texas, USA","-97.40356","27.79641"
"337035","406 N Carancahua Street, Corpus Christi, TX , Corpus Christi, Texas, USA","-97.40356","27.79641"
"337036","406 N Water Street, Corpus Christi, TX , Corpus Christi, Texas, USA","-97.40356","27.79641"
"337037","408 N Chaparral Street, Corpus Christi, TX , Corpus Christi, Texas, USA","-97.40356","27.79641"
"337038","409 N Carancahua Street, Corpus Christi, TX , Corpus Christi, Texas, USA","-97.40356","27.79641"
"337039","409  Peoples Street, Corpus Christi, TX , Corpus Christi, Texas, USA","-97.40356","27.79641"
"337040","409 S Carancahua Street, Corpus Christi, TX , Corpus Christi, Texas, USA","-97.40356","27.79641"
"337041","409 S Tancahua Street, Corpus Christi, TX , Corpus Christi, Texas, USA","-97.40356","27.79641"
"337042","410 N Chaparral Street, Corpus Christi, TX , Corpus Christi, Texas, USA","-97.40356","27.79641"
"337043","410 N Water Street, Corpus Christi, TX , Corpus Christi, Texas, USA","-97.40356","27.79641"
"337044","410  Peoples Street, Corpus Christi, TX , Corpus Christi, Texas, USA","-97.40356","27.79641"
"337045","411 N Shoreline Street, Corpus Christi, TX , Corpus Christi, Texas, USA","-97.40356","27.79641"
"337046","411  Palo Alto Street, Corpus Christi, TX , Corpus Christi, Texas, USA","-97.40356","27.79641"
"337047","411  Taylor Street, Corpus Christi, TX , Corpus Christi, Texas, USA","-97.40356","27.79641"
"337048","413  Fitzgerald Street, Corpus Christi, TX , Corpus Christi, Texas, USA","-97.40356","27.79641"
"337049","414 S Tancahua Street, Corpus Christi, TX , Corpus Christi, Texas, USA","-97.40356","27.79641"
"337050","415 N Water Street, Corpus Christi, TX , Corpus Christi, Texas, USA","-97.40356","27.79641"
"337051","416  Mesquite Street, Corpus Christi, TX , Corpus Christi, Texas, USA","-97.40356","27.79641"
"337052","416 N Chaparral Street, Corpus Christi, TX , Corpus Christi, Texas, USA","-97.40356","27.79641"
"337053","416 N Water Street, Corpus Christi, TX , Corpus Christi, Texas, USA","-97.40356","27.79641"
"337054","416  Palo Alto Street, Corpus Christi, TX , Corpus Christi, Texas, USA","-97.40356","27.79641"
"337055","417 N Chaparral Street, Corpus Christi, TX , Corpus Christi, Texas, USA","-97.40356","27.79641"
"337056","417 S Carancahua Street, Corpus Christi, TX , Corpus Christi, Texas, USA","-97.40356","27.79641"
"337057","417 S Upper Broadway Street, Corpus Christi, TX , Corpus Christi, Texas, USA","-97.40356","27.79641"
"337058","418  Peoples Street, Corpus Christi, TX , Corpus Christi, Texas, USA","-97.40356","27.79641"
"337059","418 S Tancahua Street, Corpus Christi, TX , Corpus Christi, Texas, USA","-97.40356","27.79641"
"337060","418  Taylor Street, Corpus Christi, TX , Corpus Christi, Texas, USA","-97.40356","27.79641"
"337061","419  Mesquite Street, Corpus Christi, TX , Corpus Christi, Texas, USA","-97.40356","27.79641"
"337062","419 N Carancahua Street, Corpus Christi, TX , Corpus Christi, Texas, USA","-97.40356","27.79641"
"337063","419 N Water Street, Corpus Christi, TX , Corpus Christi, Texas, USA","-97.40356","27.79641"
"337064","419  Peoples Street, Corpus Christi, TX , Corpus Christi, Texas, USA","-97.40356","27.79641"
"337065","423 N Water Street, Corpus Christi, TX , Corpus Christi, Texas, USA","-97.40356","27.79641"
"337066","424  Mesquite Street, Corpus Christi, TX , Corpus Christi, Texas, USA","-97.40356","27.79641"
"337067","424 N Chaparral Street, Corpus Christi, TX , Corpus Christi, Texas, USA","-97.40356","27.79641"
"337068","424  Schatzell Street, Corpus Christi, TX , Corpus Christi, Texas, USA","-97.40356","27.79641"
"337069","425 N Chaparral Street, Corpus Christi, TX , Corpus Christi, Texas, USA","-97.40356","27.79641"
"337070","425 S Carancahua Street, Corpus Christi, TX , Corpus Christi, Texas, USA","-97.40356","27.79641"
"337071","426 S Tancahua Street, Corpus Christi, TX , Corpus Christi, Texas, USA","-97.40356","27.79641"
"337072","427  Peoples Street, Corpus Christi, TX , Corpus Christi, Texas, USA","-97.40356","27.79641"
"337073","429  Mann Street, Corpus Christi, TX , Corpus Christi, Texas, USA","-97.40356","27.79641"
"337074","430 S Carancahua Street, Corpus Christi, TX , Corpus Christi, Texas, USA","-97.40356","27.79641"
"337075","430 S Tancahua Street, Corpus Christi, TX , Corpus Christi, Texas, USA","-97.40356","27.79641"
"337076","441  John Sartain Street, Corpus Christi, TX , Corpus Christi, Texas, USA","-97.40356","27.79641"
"337077","500 N Shoreline Street, Corpus Christi, TX , Corpus Christi, Texas, USA","-97.40356","27.79641"
"337078","500 N Water Street, Corpus Christi, TX , Corpus Christi, Texas, USA","-97.40356","27.79641"
"337079","501  Mesquite Street, Corpus Christi, TX , Corpus Christi, Texas, USA","-97.40356","27.79641"
"337080","501 N Chaparral Street, Corpus Christi, TX , Corpus Christi, Texas, USA","-97.40356","27.79641"
"337081","501 N Water Street, Corpus Christi, TX , Corpus Christi, Texas, USA","-97.40356","27.79641"
"337082","501 S Shoreline Street, Corpus Christi, TX , Corpus Christi, Texas, USA","-97.40356","27.79641"
"337083","501 S Water Street, Corpus Christi, TX , Corpus Christi, Texas, USA","-97.40356","27.79641"
"337084","502 S Chaparral Street, Corpus Christi, TX , Corpus Christi, Texas, USA","-97.40356","27.79641"
"337085","503 S Carancahua Street, Corpus Christi, TX , Corpus Christi, Texas, USA","-97.40356","27.79641"
"337086","505 N Upper Broadway Street, Corpus Christi, TX , Corpus Christi, Texas, USA","-97.40356","27.79641"
"337087","505 S Water Street, Corpus Christi, TX , Corpus Christi, Texas, USA","-97.40356","27.79641"
"337088","506  Mesquite Street, Corpus Christi, TX , Corpus Christi, Texas, USA","-97.40356","27.79641"
"337089","506 S Tancahua Street, Corpus Christi, TX , Corpus Christi, Texas, USA","-97.40356","27.79641"
"337090","508  Mesquite Street, Corpus Christi, TX , Corpus Christi, Texas, USA","-97.40356","27.79641"
"337091","509 N Chaparral Street, Corpus Christi, TX , Corpus Christi, Texas, USA","-97.40356","27.79641"
"337092","509  Palo Alto Street, Corpus Christi, TX , Corpus Christi, Texas, USA","-97.40356","27.79641"
"337093","509 S Carancahua Street, Corpus Christi, TX , Corpus Christi, Texas, USA","-97.40356","27.79641"
"337094","510 N Chaparral Street, Corpus Christi, TX , Corpus Christi, Texas, USA","-97.40356","27.79641"
"337095","511  Lawrence Street, Corpus Christi, TX , Corpus Christi, Texas, USA","-97.40356","27.79641"
"554880","250 Prospect StreetMidland ParkNew Jersey","-74.1388779","40.9996223"
"337096","511  Starr Street, Corpus Christi, TX , Corpus Christi, Texas, USA","-97.40356","27.79641"
"337097","512 N Chaparral Street, Corpus Christi, TX , Corpus Christi, Texas, USA","-97.40356","27.79641"
"337098","513  Lawrence Street, Corpus Christi, TX , Corpus Christi, Texas, USA","-97.40356","27.79641"
"337099","513 N Chaparral Street, Corpus Christi, TX , Corpus Christi, Texas, USA","-97.40356","27.79641"
"337100","513 S Carancahua Street, Corpus Christi, TX , Corpus Christi, Texas, USA","-97.40356","27.79641"
"337101","514  Belden Street, Corpus Christi, TX , Corpus Christi, Texas, USA","-97.40356","27.79641"
"337102","514  Peoples Street, Corpus Christi, TX , Corpus Christi, Texas, USA","-97.40356","27.79641"
"337103","514  Power  Street, Corpus Christi, TX , Corpus Christi, Texas, USA","-97.40356","27.79641"
"337104","515  Lawrence Street, Corpus Christi, TX , Corpus Christi, Texas, USA","-97.40356","27.79641"
"337105","516  Peoples Street, Corpus Christi, TX , Corpus Christi, Texas, USA","-97.40356","27.79641"
"337106","518 N Chaparral Street, Corpus Christi, TX , Corpus Christi, Texas, USA","-97.40356","27.79641"
"337107","518  Park  Street, Corpus Christi, TX , Corpus Christi, Texas, USA","-97.40356","27.79641"
"337108","518  Peoples Street, Corpus Christi, TX , Corpus Christi, Texas, USA","-97.40356","27.79641"
"337109","519 S Carancahua Street, Corpus Christi, TX , Corpus Christi, Texas, USA","-97.40356","27.79641"
"337110","520  Lawrence Street, Corpus Christi, TX , Corpus Christi, Texas, USA","-97.40356","27.79641"
"337111","520 N Chaparral Street, Corpus Christi, TX , Corpus Christi, Texas, USA","-97.40356","27.79641"
"337112","520 S Carancahua Street, Corpus Christi, TX , Corpus Christi, Texas, USA","-97.40356","27.79641"
"337113","520 S Chaparral Street, Corpus Christi, TX , Corpus Christi, Texas, USA","-97.40356","27.79641"
"337114","520  Starr Street, Corpus Christi, TX , Corpus Christi, Texas, USA","-97.40356","27.79641"
"337115","521 S Carancahua Street, Corpus Christi, TX , Corpus Christi, Texas, USA","-97.40356","27.79641"
"337116","521  Starr Street, Corpus Christi, TX , Corpus Christi, Texas, USA","-97.40356","27.79641"
"337117","523  Fitzgerald Street, Corpus Christi, TX , Corpus Christi, Texas, USA","-97.40356","27.79641"
"337118","523 N Water Street, Corpus Christi, TX , Corpus Christi, Texas, USA","-97.40356","27.79641"
"337119","523  Taylor Street, Corpus Christi, TX , Corpus Christi, Texas, USA","-97.40356","27.79641"
"337120","525 S Carancahua Street, Corpus Christi, TX , Corpus Christi, Texas, USA","-97.40356","27.79641"
"337121","525 S Shoreline Street, Corpus Christi, TX , Corpus Christi, Texas, USA","-97.40356","27.79641"
"337122","526 N Tancahua Street, Corpus Christi, TX , Corpus Christi, Texas, USA","-97.40356","27.79641"
"337123","526 S Tancahua Street, Corpus Christi, TX , Corpus Christi, Texas, USA","-97.40356","27.79641"
"337124","531 S Shoreline Street, Corpus Christi, TX , Corpus Christi, Texas, USA","-97.40356","27.79641"
"337125","533 N Upper Broadway Street, Corpus Christi, TX , Corpus Christi, Texas, USA","-97.40356","27.79641"
"337126","535 N Carancahua Street, Corpus Christi, TX , Corpus Christi, Texas, USA","-97.40356","27.79641"
"337127","535 S Carancahua Street, Corpus Christi, TX , Corpus Christi, Texas, USA","-97.40356","27.79641"
"337128","539 N Carancahua Street, Corpus Christi, TX , Corpus Christi, Texas, USA","-97.40356","27.79641"
"337129","542 N Tancahua Street, Corpus Christi, TX , Corpus Christi, Texas, USA","-97.40356","27.79641"
"337130","555 N Carancahua Street, Corpus Christi, TX , Corpus Christi, Texas, USA","-97.40356","27.79641"
"337131","555 S Shoreline Street, Corpus Christi, TX , Corpus Christi, Texas, USA","-97.40356","27.79641"
"337132","600  Leopard Street, Corpus Christi, TX , Corpus Christi, Texas, USA","-97.40356","27.79641"
"337133","601  Mesquite Street, Corpus Christi, TX , Corpus Christi, Texas, USA","-97.40356","27.79641"
"337134","601 N Chaparral Street, Corpus Christi, TX , Corpus Christi, Texas, USA","-97.40356","27.79641"
"337135","601 N Shoreline Street, Corpus Christi, TX , Corpus Christi, Texas, USA","-97.40356","27.79641"
"337136","601 N Water Street, Corpus Christi, TX , Corpus Christi, Texas, USA","-97.40356","27.79641"
"337137","605  Mesquite Street, Corpus Christi, TX , Corpus Christi, Texas, USA","-97.40356","27.79641"
"337138","606 N Carancahua Street, Corpus Christi, TX , Corpus Christi, Texas, USA","-97.40356","27.79641"
"337139","608  Mesquite Street, Corpus Christi, TX , Corpus Christi, Texas, USA","-97.40356","27.79641"
"337140","611 N Chaparral Street, Corpus Christi, TX , Corpus Christi, Texas, USA","-97.40356","27.79641"
"337141","611 S Upper Broadway Street, Corpus Christi, TX , Corpus Christi, Texas, USA","-97.40356","27.79641"
"337142","613 N Chaparral Street, Corpus Christi, TX , Corpus Christi, Texas, USA","-97.40356","27.79641"
"337143","614  Mesquite Street, Corpus Christi, TX , Corpus Christi, Texas, USA","-97.40356","27.79641"
"337144","615  Leopard Street, Corpus Christi, TX , Corpus Christi, Texas, USA","-97.40356","27.79641"
"337145","615  Mesquite Street, Corpus Christi, TX , Corpus Christi, Texas, USA","-97.40356","27.79641"
"337146","615 N Chaparral Street, Corpus Christi, TX , Corpus Christi, Texas, USA","-97.40356","27.79641"
"635479","116 Eureka StSan Francisco, CA,94114 2435","",""
"337147","615 N Upper Broadway Street, Corpus Christi, TX , Corpus Christi, Texas, USA","-97.40356","27.79641"
"337148","615 S Upper Broadway Street, Corpus Christi, TX , Corpus Christi, Texas, USA","-97.40356","27.79641"
"337149","616  Mesquite Street, Corpus Christi, TX , Corpus Christi, Texas, USA","-97.40356","27.79641"
"337150","617 N Chaparral Street, Corpus Christi, TX , Corpus Christi, Texas, USA","-97.40356","27.79641"
"337151","619 N Chaparral Street, Corpus Christi, TX , Corpus Christi, Texas, USA","-97.40356","27.79641"
"337152","621 N Chaparral Street, Corpus Christi, TX , Corpus Christi, Texas, USA","-97.40356","27.79641"
"337153","622 N Water Street, Corpus Christi, TX , Corpus Christi, Texas, USA","-97.40356","27.79641"
"337154","622  Power Street, Corpus Christi, TX , Corpus Christi, Texas, USA","-97.40356","27.79641"
"337155","623 N Chaparral Street, Corpus Christi, TX , Corpus Christi, Texas, USA","-97.40356","27.79641"
"337156","623  Power Street, Corpus Christi, TX , Corpus Christi, Texas, USA","-97.40356","27.79641"
"337157","624  Leopard Street, Corpus Christi, TX , Corpus Christi, Texas, USA","-97.40356","27.79641"
"337158","624  Mesquite Street, Corpus Christi, TX , Corpus Christi, Texas, USA","-97.40356","27.79641"
"337159","624 N Chaparral Street, Corpus Christi, TX , Corpus Christi, Texas, USA","-97.40356","27.79641"
"337160","625 S Upper Broadway Street, Corpus Christi, TX , Corpus Christi, Texas, USA","-97.40356","27.79641"
"2746639","10735 GILFORD CREST DR, SPRING, TX, USA","",""
"337161","701  Leopard Street, Corpus Christi, TX , Corpus Christi, Texas, USA","-97.40356","27.79641"
"337162","701  Mesquite Street, Corpus Christi, TX , Corpus Christi, Texas, USA","-97.40356","27.79641"
"337163","701 N Chaparral Street, Corpus Christi, TX , Corpus Christi, Texas, USA","-97.40356","27.79641"
"337164","701 N Water Street, Corpus Christi, TX , Corpus Christi, Texas, USA","-97.40356","27.79641"
"337165","702  Mesquite Street, Corpus Christi, TX , Corpus Christi, Texas, USA","-97.40356","27.79641"
"337166","702 N Chaparral Street, Corpus Christi, TX , Corpus Christi, Texas, USA","-97.40356","27.79641"
"337167","705  Mesquite Street, Corpus Christi, TX , Corpus Christi, Texas, USA","-97.40356","27.79641"
"337168","705 N Chaparral Street, Corpus Christi, TX , Corpus Christi, Texas, USA","-97.40356","27.79641"
"337169","707 N Shoreline Street, Corpus Christi, TX , Corpus Christi, Texas, USA","-97.40356","27.79641"
"337170","709 N Chaparral Street, Corpus Christi, TX , Corpus Christi, Texas, USA","-97.40356","27.79641"
"337171","710  Buffalo Street, Corpus Christi, TX , Corpus Christi, Texas, USA","-97.40356","27.79641"
"337172","710  Mesquite Street, Corpus Christi, TX , Corpus Christi, Texas, USA","-97.40356","27.79641"
"337173","711  Lipan Street, Corpus Christi, TX , Corpus Christi, Texas, USA","-97.40356","27.79641"
"337174","711 N Carancahua Street, Corpus Christi, TX , Corpus Christi, Texas, USA","-97.40356","27.79641"
"337175","711 N Chaparral Street, Corpus Christi, TX , Corpus Christi, Texas, USA","-97.40356","27.79641"
"337176","713 N Chaparral Street, Corpus Christi, TX , Corpus Christi, Texas, USA","-97.40356","27.79641"
"337177","715  Comanche Street, Corpus Christi, TX , Corpus Christi, Texas, USA","-97.40356","27.79641"
"337178","715  Mesquite Street, Corpus Christi, TX , Corpus Christi, Texas, USA","-97.40356","27.79641"
"337179","715 N Chaparral Street, Corpus Christi, TX , Corpus Christi, Texas, USA","-97.40356","27.79641"
"337180","716 N Chaparral Street, Corpus Christi, TX , Corpus Christi, Texas, USA","-97.40356","27.79641"
"337181","719 N Upper Broadway Street, Corpus Christi, TX , Corpus Christi, Texas, USA","-97.40356","27.79641"
"337182","720  Mesquite Street, Corpus Christi, TX , Corpus Christi, Texas, USA","-97.40356","27.79641"
"337183","721  Comanche Street, Corpus Christi, TX , Corpus Christi, Texas, USA","-97.40356","27.79641"
"337184","721  Mesquite Street, Corpus Christi, TX , Corpus Christi, Texas, USA","-97.40356","27.79641"
"337185","721 N Chaparral Street, Corpus Christi, TX , Corpus Christi, Texas, USA","-97.40356","27.79641"
"337186","723 N Upper Broadway Street, Corpus Christi, TX , Corpus Christi, Texas, USA","-97.40356","27.79641"
"337187","724  Mesquite Street, Corpus Christi, TX , Corpus Christi, Texas, USA","-97.40356","27.79641"
"337188","724 N Chaparral Street, Corpus Christi, TX , Corpus Christi, Texas, USA","-97.40356","27.79641"
"337189","801 N Chaparral Street, Corpus Christi, TX , Corpus Christi, Texas, USA","-97.40356","27.79641"
"337190","801 N Shoreline Street, Corpus Christi, TX , Corpus Christi, Texas, USA","-97.40356","27.79641"
"337191","801 N Water Street, Corpus Christi, TX , Corpus Christi, Texas, USA","-97.40356","27.79641"
"337192","802  Mesquite Street, Corpus Christi, TX , Corpus Christi, Texas, USA","-97.40356","27.79641"
"337193","802 N Carancahua Street, Corpus Christi, TX , Corpus Christi, Texas, USA","-97.40356","27.79641"
"337194","802 N Chaparral Street, Corpus Christi, TX , Corpus Christi, Texas, USA","-97.40356","27.79641"
"337195","802 N Tancahua Street, Corpus Christi, TX , Corpus Christi, Texas, USA","-97.40356","27.79641"
"337196","804  Mesquite Street, Corpus Christi, TX , Corpus Christi, Texas, USA","-97.40356","27.79641"
"337197","806 N Chaparral Street, Corpus Christi, TX , Corpus Christi, Texas, USA","-97.40356","27.79641"
"337198","807 N Upper Broadway Street, Corpus Christi, TX , Corpus Christi, Texas, USA","-97.40356","27.79641"
"337199","809 N Chaparral Street, Corpus Christi, TX , Corpus Christi, Texas, USA","-97.40356","27.79641"
"337200","810 N Chaparral Street, Corpus Christi, TX , Corpus Christi, Texas, USA","-97.40356","27.79641"
"337201","811 N Carancahua Street, Corpus Christi, TX , Corpus Christi, Texas, USA","-97.40356","27.79641"
"337202","813 N Chaparral Street, Corpus Christi, TX , Corpus Christi, Texas, USA","-97.40356","27.79641"
"337203","816 N Chaparral Street, Corpus Christi, TX , Corpus Christi, Texas, USA","-97.40356","27.79641"
"337204","817 N Carancahua Street, Corpus Christi, TX , Corpus Christi, Texas, USA","-97.40356","27.79641"
"337205","817 N Water Street, Corpus Christi, TX , Corpus Christi, Texas, USA","-97.40356","27.79641"
"337206","819 N Upper Broadway Street, Corpus Christi, TX , Corpus Christi, Texas, USA","-97.40356","27.79641"
"337207","820 N Chaparral Street, Corpus Christi, TX , Corpus Christi, Texas, USA","-97.40356","27.79641"
"337208","820 N Lower Broadway Street, Corpus Christi, TX , Corpus Christi, Texas, USA","-97.40356","27.79641"
"337209","823 N Water Street, Corpus Christi, TX , Corpus Christi, Texas, USA","-97.40356","27.79641"
"337210","824 N Chaparral Street, Corpus Christi, TX , Corpus Christi, Texas, USA","-97.40356","27.79641"
"337211","901  Mesquite Street, Corpus Christi, TX , Corpus Christi, Texas, USA","-97.40356","27.79641"
"337212","901 N Carancahua Street, Corpus Christi, TX , Corpus Christi, Texas, USA","-97.40356","27.79641"
"337213","901 N Water Street, Corpus Christi, TX , Corpus Christi, Texas, USA","-97.40356","27.79641"
"337214","902  Mesquite Street, Corpus Christi, TX , Corpus Christi, Texas, USA","-97.40356","27.79641"
"337215","902 N Chaparral Street, Corpus Christi, TX , Corpus Christi, Texas, USA","-97.40356","27.79641"
"337216","903 N Chaparral Street, Corpus Christi, TX , Corpus Christi, Texas, USA","-97.40356","27.79641"
"337217","904 N Chaparral Street, Corpus Christi, TX , Corpus Christi, Texas, USA","-97.40356","27.79641"
"337218","906 N Carancahua Street, Corpus Christi, TX , Corpus Christi, Texas, USA","-97.40356","27.79641"
"337219","909 N Chaparral Street, Corpus Christi, TX , Corpus Christi, Texas, USA","-97.40356","27.79641"
"337220","909 N Shoreline Street, Corpus Christi, TX , Corpus Christi, Texas, USA","-97.40356","27.79641"
"337221","910 N Chaparral Street, Corpus Christi, TX , Corpus Christi, Texas, USA","-97.40356","27.79641"
"337222","912 N Chaparral Street, Corpus Christi, TX , Corpus Christi, Texas, USA","-97.40356","27.79641"
"337223","916 N Chaparral Street, Corpus Christi, TX , Corpus Christi, Texas, USA","-97.40356","27.79641"
"337224","917 N Carancahua Street, Corpus Christi, TX , Corpus Christi, Texas, USA","-97.40356","27.79641"
"337225","921 N Chaparral Street, Corpus Christi, TX , Corpus Christi, Texas, USA","-97.40356","27.79641"
"554847","1200 E. 42nd StreetIndianapolisIndiana","-86.1398163","39.8325996"
"556922","Calle Ferrocarril 31, Spain","-106.0983582","28.7078705"
"556923","Eloy Gonzalo 27, Spain","-3.7005","40.43465"
"554853","125 S Webster AveJacksonvilleIllinois","-90.2547531","39.734211"
"554854","1311 US HWY 301 SouthWilsonNorth Carolina","-77.9208832","35.7050247"
"556924","Amaniel 7, Madrid","-3.7092299","40.4252586"
"554856","1381 Church St.RamseurNorth Carolina","-79.6501007","35.7304497"
"3026793","1055 S. FM 1291 Fayetteville, TX 78940 United States","-96.6609116","29.8993702"
"556925","Calle Ferrocarril 31, Madrid","-3.6972499","40.4007683"
"554859","1450 Main StreetGoodingIdaho","-114.7127228","42.9307518"
"354773","Eloy Gonzalo 27, Madrid","-3.7005","40.43465"
"3026794","10880 Thienes Ave. South El Monte, CA South El Monte, CA 91733 United States","-118.0394897","34.0481911"
"554862","1545 St. Paul StreetRochesterNew York","-77.6248322","43.1845398"
"3026795","11019 Tree Shadow Ln Frisco, TX 75035 United States","-96.7827682","33.1144485"
"3026796","1103 SW 28th St Apt 101 Ankeny, IA 50023 United States","-93.615387","41.7008057"
"2746652","10737 HILLBROOK RD, SCHERTZ, TX, USA","",""
"635468","115 Littondale CtMiddletown, DE,19709","",""
"554867","1720 Glendale Milford Rd.CincinnatiOhio","-84.4465637","39.2555313"
"554869","175 Watchung BoulevardBerkeley HeightsNew Jersey","-74.3849487","40.6883316"
"554870","1809 Clarkson RoadChesterfieldMissouri","-90.5712433","38.6399612"
"554871","180 Hansen CourtWood DaleIllinois","-87.9843597","41.9810791"
"337259","New York Bronx, Kings, New York,Queens, and Richmond , New York, USA","-75.6891521001872","42.9902482242734"
"537542","Severodvinsk","39.8265","64.56192"
"537543","Valašské Meziříčí","17.96168","49.47437"
"537544","Växjö","14.79945","56.87996"
"537545","Vinslöv","13.91301","56.1036"
"537546","heilbronn","9.21929","49.14315"
"554875","209 Austine DriveBrattleboroVermont","-72.5737991","42.8421707"
"554876","21 Pleasant StreetSouth DeerfieldMassachusetts","-72.6015167","42.5368309"
"3026797","110 Inner Campus Dr. MAI Rm 132 Austin, TX 78712 United States","-97.7394943","30.2865086"
"3026798","1122 Colorado Street APT 1001 Austin, TX 78701 United States","",""
"554881","260 Eastern ParkwayBrooklynNew York","-73.9601212","40.670742"
"556926","León, Spain","-5.57211","42.59765"
"337288","Albany, Albany ,New York, USA","-73.75521","42.65156"
"337289","Amsterdam, Montgomery ,New York, USA","-74.18893","42.93897"
"337290","Auburn, Cayuga ,New York, USA","-76.56591","42.92937"
"337291","Batavia, Genesee ,New York, USA","-78.18825","42.99836"
"337292","Beacon, Dutchess ,New York, USA","-73.97282","41.50667"
"337293","Binghamton, Broome ,New York, USA","-75.91137","42.0987"
"337294","Buffalo, Erie ,New York, USA","-78.87847","42.88544"
"337295","Canandaigua, Ontario ,New York, USA","-77.28095","42.8881"
"337296","Cohoes, Albany ,New York, USA","-73.70009","42.77465"
"337297","Corning, Steuben ,New York, USA","-77.05463","42.14308"
"337298","Cortland, Cortland ,New York, USA","-76.17482","42.60349"
"337299","Dunkirk, Chautauqua ,New York, USA","-79.33578","42.48724"
"337300","Elmira, Chemung ,New York, USA","-76.79882","42.09041"
"337301","Fulton, Oswego ,New York, USA","-76.41484","43.32114"
"337302","Geneva, Ontario ,New York, USA","-76.98209","42.86642"
"337303","Glen Cove, Nassau ,New York, USA","-73.63079","40.86396"
"337304","Glens Falls, Warren ,New York, USA","-73.64376","43.31122"
"337305","Gloversville, Fulton ,New York, USA","-74.34446","43.05063"
"337306","Hornell, Steuben ,New York, USA","-77.66082","42.32733"
"337307","Hudson, Columbia ,New York, USA","-73.79143","42.25283"
"337308","Ithaca, Tompkins ,New York, USA","-76.49547","42.44052"
"337309","Jamestown, Chautauqua ,New York, USA","-79.2378","42.09605"
"337310","Johnstown, Fulton ,New York, USA","-74.36846","43.00656"
"337311","Kingston, Ulster ,New York, USA","-73.99651","41.92672"
"337312","Lackawanna, Erie ,New York, USA","-78.8243","42.82582"
"337313","Little Falls, Herkimer ,New York, USA","-74.85884","43.0408"
"337314","Lockport, Niagara ,New York, USA","-78.69538","43.1692"
"337315","Long Beach, Nassau ,New York, USA","-73.66608","40.58939"
"337316","Mechanicville, Saratoga ,New York, USA","-73.68539","42.90406"
"337317","Middletown, Orange ,New York, USA","-74.42248","41.44556"
"337318","Mount Vernon, Westchester ,New York, USA","-73.83828","40.91246"
"337319","Newburgh, Orange ,New York, USA","-74.01023","41.49994"
"337320","New Rochelle, Westchester ,New York, USA","-73.7868","40.91971"
"337321","New York, New York ,New York, USA","-74.00712","40.71455"
"337322","Niagara Falls, Niagara ,New York, USA","-79.05582","43.09548"
"337323","North Tonawanda, Niagara ,New York, USA","-78.86952","43.02969"
"337324","Norwich, Chenango ,New York, USA","-75.52424","42.53625"
"337325","Ogdensburg, St. Lawrence ,New York, USA","-75.4896","44.69385"
"337326","Olean, Cattaraugus ,New York, USA","-78.42888","42.07755"
"337327","Oneida, Madison ,New York, USA","-75.65493","43.09874"
"337328","Oneonta, Otsego ,New York, USA","-75.06027","42.45531"
"337329","Oswego, Oswego ,New York, USA","-76.51119","43.45646"
"337330","Peekskill, Westchester ,New York, USA","-73.92206","41.29091"
"337331","Plattsburgh, Clinton ,New York, USA","-73.45303","44.69913"
"337332","Port Jervis, Orange ,New York, USA","-74.69124","41.3747"
"337333","Poughkeepsie, Dutchess ,New York, USA","-73.92937","41.70672"
"337334","Rensselaer, Rensselaer ,New York, USA","-73.74127","42.64472"
"337335","Rochester, Monroe ,New York, USA","-77.61632","43.1558"
"337336","Rome, Oneida ,New York, USA","-75.45336","43.21517"
"337337","Rye, Westchester ,New York, USA","-73.68378","40.98101"
"337338","Salamanca, Cattaraugus ,New York, USA","-78.70907","42.15386"
"337339","Saratoga Springs, Saratoga ,New York, USA","-73.7845","43.0839"
"337340","Schenectady, Schenectady ,New York, USA","-73.94103","42.81226"
"337341","Sherrill, Oneida ,New York, USA","-75.59625","43.07571"
"337342","Syracuse, Onondaga ,New York, USA","-76.14739","43.04999"
"337343","Tonawanda, Erie ,New York, USA","-78.88637","43.01884"
"337344","Troy, Rensselaer ,New York, USA","-73.68809","42.7345"
"337345","Utica, Oneida ,New York, USA","-75.24258","43.09589"
"337346","Watertown, Jefferson ,New York, USA","-75.91317","43.97559"
"337347","Watervliet, Albany ,New York, USA","-73.70048","42.72578"
"337348","White Plains, Westchester ,New York, USA","-73.76415","41.03354"
"337349","Yonkers, Westchester ,New York, USA","-73.89874","40.93299"
"537547","104 VICTORY BOULEVARD, Staten Island, NY 10301","-74.0798035","40.6375198"
"537548","1201 VICTORY BOULEVARD, Staten Island, NY 10301","-74.1037445","40.6164665"
"537549","1258 BAY STREET, Staten Island, NY 10305","-74.0652618","40.6124496"
"537550","12 BRADLEY AVENUE, Staten Island, NY 10314","-74.1325989","40.6119995"
"537551","133 MCCLEAN AVENUE, Staten Island, NY 10305","-74.0665436","40.598259"
"537552","140 NEW DORP LANE, Staten Island, NY 10306","-74.1161423","40.5736008"
"537553","1445 RICHMOND AVENUE, Staten Island, NY 10314","-74.1584778","40.6130562"
"537554","151 SIGNS ROAD, Staten Island, NY 10314","-74.1669083","40.6021843"
"537555","1650 RICHMOND AVENUE                                   , Staten Island, NY 10314","-74.1623459","40.608181"
"537556","1724 HYLAN BOULEVARD, Staten Island, NY 10305","-74.0915527","40.5866508"
"537557","173 NEW DORP LANE, Staten Island, NY 10306","-74.1148987","40.5734901"
"537558","1756 FOREST AVENUE, Staten Island, NY 10303","-74.1467438","40.6248093"
"537559","1899 VICTORY BOULEVARD, Staten Island, NY 10314","-74.1273499","40.6129799"
"537560","1 BAY STREET                              , Staten Island, NY 10301","-74.075058","40.6423035"
"537561","207 PORT RICHMOND AVE, Staten Island, NY 10302","-74.1344223","40.6360703"
"537562","2154 FOREST AVENUE                                                                                       , Staten Island, NY 10303","-74.1615829","40.6265144"
"537563","235 NEW DORP LANE, Staten Island, NY 10306","-74.1141129","40.5730782"
"537564","2655 RICHMOND AVENUE, Staten Island, NY 10314","-74.1660767","40.5812492"
"537565","27 BROWER COURT, Staten Island, NY 10308","-74.1511917","40.5511398"
"537566","280 SAND LANE, Staten Island, NY 10305","-74.068367","40.5924416"
"537567","309 BRADLEY AVENUE                                    , Staten Island, NY 10314","-74.1312637","40.6036797"
"537568","325 VICTORY BLVD, Staten Island, NY 10301","-74.0858612","40.634201"
"537569","405 ARTHUR KILL ROAD, Staten Island, NY 10308","-74.1558609","40.5646515"
"537570","44 VICTORY BOULEVARD, Staten Island, NY 10301","-74.0773697","40.637619"
"537571","529 TOMPKINS AVENUE, Staten Island, NY 10305","-74.0712433","40.6129189"
"537572","531 TARGEE STREET, Staten Island, NY 10304","-74.0845795","40.6141853"
"537573","55 VICTORY BOULEVARD, Staten Island, NY 10301","-74.0775223","40.6382103"
"537574","581 MIDLAND AVENUE, Staten Island, NY 10306","-74.0926971","40.5723991"
"337383","New York, Bronx, Kings, New York,Queens, and Richmond","-75.6891521001872","42.9902482242734"
"337413","Amsterdam, Montgomery , New York, United States","-74.18893","42.93897"
"337416","Beacon, Dutchess , New York, United States","-73.97282","41.50667"
"337417","Binghamton, Broome , New York, United States","-75.91137","42.0987"
"337418","Buffalo, Erie , New York, United States","-78.87847","42.88544"
"537575","6372 AMBOY ROAD, Staten Island, NY 10309","-74.2165604","40.5223427"
"537576","6382 AMBOY ROAD, Staten Island, NY 10309","-74.216507","40.522171"
"337421","Corning, Steuben , New York, United States","-77.05463","42.14308"
"337422","Cortland, Cortland , New York, United States","-76.17482","42.60349"
"337423","Dunkirk, Chautauqua , New York, United States","-79.33578","42.48724"
"537577","692 ARTHUR KILL ROAD, Staten Island, NY 10308","-74.1639252","40.5601501"
"537578","72 CANAL STREET, Staten Island, NY 10304","-74.0759811","40.6264877"
"337426","Geneva, Ontario[A] , New York, United States","-74.0071182","40.71455"
"337427","Glen Cove, Nassau , New York, United States","-73.63079","40.86396"
"337428","Glens Falls, Warren , New York, United States","-73.64376","43.31122"
"337429","Gloversville, Fulton , New York, United States","-74.34446","43.05063"
"337430","Hornell, Steuben , New York, United States","-77.66082","42.32733"
"537579","755 TARGEE STREET, Staten Island, NY 10304","-74.0878372","40.6089211"
"537580","770 MANOR ROAD, Staten Island, NY 10314","-74.1213608","40.6089706"
"537581","78 VICTORY BOULEVARD, Staten Island, NY 10301","-74.0791397","40.6378899"
"337434","Johnstown, Fulton , New York, United States","-74.36846","43.00656"
"537582","835 FOREST HILL ROAD, Staten Island, NY 10314","-74.1401825","40.6022987"
"554883","2725 Island Home BoulevardKnoxvilleTennessee","-83.8852463","35.9588509"
"554884","2860 SE Holgate Blvd.PortlandOregon","-122.6358032","45.4897614"
"554886","300 Rainbow Dr # 103FlorenceSouth Carolina","-117.1654587","33.3152885"
"337440","Mechanicville, Saratoga , New York, United States","-73.68539","42.90406"
"337441","Middletown, Orange , New York, United States","-74.42248","41.44556"
"554887","301 E Main StRomneyWest Virginia","-78.7526398","39.3405457"
"554888","301 Smithtown Blvd.NesconsetNew York","-73.1384125","40.8324471"
"556927","San Carlos del valle, Ciudad Real","-3.2404","38.84023"
"3026799","112 Canyon Road San Marcos, TX 78666 United States","",""
"337446","Niagara Falls, Niagara , New York, United States","-79.05582","43.09548"
"3026800","11501 century oaks terrace #3337 Austin, TX 78758 United States","-97.7256317","30.4020901"
"554892","30th Avenue and 75th StreetJackson HeightsNew York","-73.8928909","40.76054"
"635469","115 Unity St Ste 302Bellingham, WA,98225","",""
"337450","Olean, Cattaraugus , New York, United States","-78.42888","42.07755"
"554894","32 Norway StreetLongmeadowMassachusetts","-72.5130768","42.0648804"
"337452","Plattsburgh, Clinton , New York, United States","-73.45303","44.69913"
"337453","Poughkeepsie, Dutchess , New York, United States","-73.92937","41.70672"
"337455","Rome, Oneida , New York, United States","-75.45336","43.21517"
"337456","Rye, Westchester , New York, United States","-73.68378","40.98101"
"337457","Salamanca, Cattaraugus , New York, United States","-78.70907","42.15386"
"554896","333 Clinton PlaceNewarkNew Jersey","-74.2154388","40.7124214"
"554897","334 Union StreetHackensackNew Jersey","-74.0435867","40.8888588"
"337460","Troy, Rensselaer , New York, United States","-73.68809","42.7345"
"337461","Utica, Oneida , New York, United States","-75.24258","43.09589"
"554898","33 N. Institute StreetColorado SpringsColorado","-104.8079987","38.8337936"
"337464","White Plains, Westchester , New York, United States","-73.76415","41.03354"
"337466","4554 Hollister Ave Santa Barbara, CA 93110","-119.7792282","34.4386292"
"337467","ARLAN'S #10 AUSTIN TRAVIS TX 78702","-97.7146225","30.2647705"
"337468","ARLAN'S #11 AUSTIN TRAVIS TX 78723","-97.6876678","30.3039703"
"337469","ARLAN'S #13 SEGUIN GUADALUPE TX 78155","-97.964653","29.5692692"
"337470","ARLAN'S #14 NEW BRAUNFELS COMAL TX 78130","-98.1157684","29.7021332"
"337471","ARLAN'S #15 SCHERTZ GUADALUPE TX 78154","-98.2721024","29.5679607"
"337472","BROOKSHIRE BROS #55 SMITHVILLE BASTROP TX 78957","-97.1600494","30.0086803"
"337473","BROOKSHIRE BROS #67 WIMBERLY HAYS TX 78676","-95.9566727","29.7863197"
"337474","EL RANCHO #18 AUSTIN TRAVIS TX 78758","-97.8426361","30.1449947"
"337475","EL RANCHO #24 AUSTIN TRAVIS TX 78723","-97.8426361","30.1449947"
"337476","FIESTA MART #25 AUSTIN TRAVIS TX 78722","-97.7055359","30.2661285"
"337477","FIESTA MART #64 AUSTIN TRAVIS TX 78745","-97.771553","30.1508694"
"337478","HEB #014 KYLE HAYS TX 78640","-97.8773575","29.9883499"
"337479","HEB #024 AUSTIN TRAVIS TX 78750","-97.8016205","30.4196892"
"337480","HEB #029 WEST LAKE HILLS TRAVIS TX 78746","-97.7995834","30.2916698"
"337481","HEB #031 AUSTIN WILLIAMSON TX 78750","-97.799675","30.4682312"
"337482","HEB #034 ROUND ROCK WILLIAMSON TX 78664","-97.6735153","30.4866829"
"337483","HEB #045 AUSTIN TRAVIS TX 78704","-97.7498398","30.2388802"
"337484","HEB #068 AUSTIN TRAVIS TX 78749","-97.8562164","30.2074203"
"337485","HEB #074 NEW BRAUNFELS COMAL TX 78132","-98.1183853","29.7003651"
"337486","HEB #096 AUSTIN TRAVIS TX 78731","-97.921463","30.4159451"
"337487","HEB #161 AUSTIN TRAVIS TX 78723","-97.638237","30.2756901"
"337488","HEB #173 SEGUIN GUADALUPE TX 78155","-97.9695587","29.5729198"
"337489","HEB #183 AUSTIN TRAVIS TX 78753","-97.921463","30.4159451"
"337490","HEB #202 AUSTIN TRAVIS TX 78756","-97.7373123","30.3199291"
"337491","HEB #218 AUSTIN TRAVIS TX 78758","-97.709198","30.3831501"
"337492","HEB #219 AUSTIN TRAVIS TX 78741","-97.7168503","30.2314491"
"337493","HEB #225 AUSTIN TRAVIS TX 78736","-97.921463","30.4159451"
"337494","HEB #227 AUSTIN TRAVIS TX 78748","-97.8204117","30.1602802"
"337495","HEB #229 AUSTIN TRAVIS TX 78744","-97.7326736","30.1855507"
"337496","HEB #236 PFLUGERVILLE TRAVIS TX 78660","-97.6199265","30.4405594"
"337497","HEB #237 GEORGETOWN WILLIAMSON TX 78626","-97.6770096","30.6379108"
"337498","HEB #243 SAN MARCOS HAYS TX 78666","-97.9394455","29.864851"
"337499","HEB #265 CEDAR PARK WILLIAMSON TX 78613","-97.8218918","30.5065994"
"337500","HEB #269 AUSTIN TRAVIS TX 78759","-97.7499695","30.3970909"
"337501","HEB #373 ROUND ROCK WILLIAMSON TX 78681","-97.6702499","30.486311"
"337502","HEB #374 AUSTIN TRAVIS TX 78745","-97.7968597","30.2011395"
"337503","HEB #380 NEW BRAUNFELS COMAL TX 78130","-98.1201248","29.7013741"
"337504","HEB #388 AUSTIN TRAVIS TX 78727","-97.638237","30.2756901"
"337505","HEB #404 AUSTIN TRAVIS TX 78733","-97.921463","30.4159451"
"337506","HEB #415 SCHERTZ GUADALUPE TX 78154","-98.2389374","29.5649967"
"337507","HEB #425 AUSTIN TRAVIS TX 78751","-97.7228317","30.3097"
"337508","HEB #428 AUSTIN TRAVIS TX 78745","-97.7968597","30.2011395"
"337509","HEB #445 LOCKHART CALDWELL TX 78644","-97.6719284","29.8847504"
"337510","HEB #451 AUSTIN TRAVIS TX 78726","-97.638237","30.2756901"
"337511","HEB #455 SAN MARCOS HAYS TX 78666","-97.9394455","29.864851"
"337512","HEB #464 LULING CALDWELL TX 78640","-97.6550827","29.6745987"
"337513","HEB #465 AUSTIN TRAVIS TX 78702","-97.921463","30.4159451"
"337514","HEB #475 ELGIN BASTROP TX 78621","-97.3709717","30.3490105"
"337515","HEB #476 AUSTIN TRAVIS TX 78753","-97.921463","30.4159451"
"337516","HEB #477 BUDA HAYS TX 78610","-97.8430328","30.0815792"
"337517","HEB #479 PFLUGERVILLE TRAVIS TX 78660","-97.6199265","30.4405594"
"337518","HEB #487 GEORGETOWN WILLIAMSON TX 78633","-97.751503","30.7316208"
"337519","HEB #495 ROUND ROCK WILLIAMSON TX 78664","-97.6698608","30.486433"
"337520","HEB #580 CEDAR PARK WILLIAMSON TX 78613","-97.7552032","30.5231552"
"337521","HEB #582 BASTROP BASTROP TX 78602","-97.3193817","30.1105404"
"337522","HEB #591 ROUND ROCK WILLIAMSON TX 78664","-97.6847839","30.5092983"
"337523","HEB #592 LEANDER WILLIAMSON TX 78641","-97.8530426","30.5791206"
"337524","HEB #593 TAYLOR WILLIAMSON TX 76574","-97.4047775","30.5553722"
"337525","HEB #611 DRIPPING SPRINGS HAYS TX 78620","-98.020401","30.1715794"
"337526","HEB #622 SPRING BRANCH COMAL TX 78070","-98.3929062","29.8004532"
"337527","HEB #639 AUSTIN TRAVIS TX 78723","-97.638237","30.2756901"
"337528","HEB #659 AUSTIN WILLIAMSON TX 78717","-97.7721252","30.4756145"
"337529","HEB #673 ROUND ROCK WILLIAMSON TX 78665","-97.6848221","30.509306"
"337530","LA HACIENDA MARKET #1 AUSTIN TRAVIS TX 78753","-97.9267883","30.4154854"
"337531","LA HACIENDA MARKET #2 AUSTIN TRAVIS TX 78741","-97.9267883","30.4154854"
"337532","LA HACIENDA MARKET #4 AUSTIN TRAVIS TX 78758","-97.9267883","30.4154854"
"337533","LA HACIENDA MARKET #5 AUSTIN TRAVIS TX 78752","-97.9267883","30.4154854"
"337534","LA HACIENDA MARKET #6 AUSTIN TRAVIS TX 78744","-97.9267883","30.4154854"
"337535","LMMM AUSTIN #02 AUSTIN TRAVIS TX 78752","-97.6913834","30.3873043"
"337536","LMMM AUSTIN #06 AUSTIN TRAVIS TX 78741","-97.6913834","30.3873043"
"337537","LONE STAR FAMILY MARKET AUSTIN TRAVIS TX 78702","-94.7114105","32.9379692"
"337538","LONE STAR FAMILY MARKET AUSTIN TRAVIS TX 78723","-94.7114105","32.9379692"
"337539","LONE STAR FAMILY MARKET AUSTIN TRAVIS TX 78745","-97.7815247","30.1912537"
"337540","LONE STAR FAMILY MARKET AUSTIN TRAVIS TX 78758","-94.8660583","33.2245789"
"337541","LONE STAR FAMILY MARKET ROUND ROCK WILLIAMSON TX 78664","-97.6772232","30.5090408"
"337542","LONE STAR FAMILY MARKET SAN MARCOS HAYS TX 78666","-97.9035568","29.9072952"
"337543","LOWE'S SUPER S #108 CANYON LAKE COMAL TX 78133","-98.2630615","29.8750401"
"337544","LOWE'S SUPER S #141 CANYON LAKE COMAL TX 78133","-98.2630615","29.8750401"
"337545","LOWE'S SUPER S #161 LAGO VISTA TRAVIS TX 78645","-97.9608841","30.4242096"
"337546","LOWE'S SUPER S #164 MARION GUADALUPE TX 78124","-98.139389","29.5714893"
"537583","64012 Hillside Rd, Happy Camp CA 96039","-123.3749924","41.7946281"
"337548","RANDALLS #1779 LAKEWAY TRAVIS TX 78734","-97.921463","30.4159451"
"337549","RANDALLS #1896 CEDAR PARK WILLIAMSON TX 78613","-97.8218918","30.5065994"
"337550","RANDALLS #2483 AUSTIN TRAVIS TX 78703","-97.6813202","30.3623791"
"337551","RANDALLS #2485 AUSTIN TRAVIS TX 78704","-97.6813202","30.3623791"
"337552","RANDALLS #2636 ROUND ROCK WILLIAMSON TX 78664","-97.6772232","30.5090408"
"337553","SFC FARMERS MARKET EAST AUSTIN TRAVIS TX 78702","-97.7146225","30.2647705"
"337554","SFC REPUBLIC SQUARE PARK AUSTIN TRAVIS TX 78701","-97.742981","30.2675991"
"337555","SFC SUNSET VALLEY-TONEY BURGER AUSTIN TRAVIS TX 78745","-97.8118362","30.2245998"
"337556","SFC TRIANGLE AUSTIN TRAVIS TX 78751","-97.734787","30.3131351"
"337557","TARGET STORE T-1817 AUSTIN TRAVIS TX 78753","-97.6765823","30.3820591"
"337558","TARGET STORE T-2288 AUSTIN TRAVIS TX 78748","-97.8204117","30.1602802"
"337559","TARGET STORE T-2429 NEW BRAUNFELS COMAL TX 78130","-98.1209412","29.6988697"
"337560","TARGET STORE T-2495 PFLUGERVILLE TRAVIS TX 78660","-97.6199265","30.4405594"
"337561","WAL-MART SUPERCENTER #1042 BASTROP BASTROP TX 78602","-97.2981262","30.2563858"
"337562","WAL-MART SUPERCENTER #1129 AUSTIN TRAVIS TX 78717","-97.7482376","30.4868298"
"337563","WAL-MART SUPERCENTER #1185 AUSTIN TRAVIS TX 78753","-97.6765823","30.3820591"
"337564","WAL-MART SUPERCENTER #1253 AUSTIN TRAVIS TX 78704","-97.7688522","30.2300091"
"337565","WAL-MART SUPERCENTER #1303 GEORGETOWN WILLIAMSON TX 78626","-97.6770096","30.6379108"
"337566","WAL-MART SUPERCENTER #2133 AUSTIN TRAVIS TX 78735","-97.8658905","30.2681198"
"337567","WAL-MART SUPERCENTER #292 LOCKHART CALDWELL TX 78644","-97.6809311","29.8722858"
"337568","WAL-MART SUPERCENTER #2991 CEDAR PARK WILLIAMSON TX 78613","-97.8218918","30.5065994"
"337569","WAL-MART SUPERCENTER #3391 SCHERTZ GUADALUPE TX 78154","-98.2721024","29.5679607"
"337570","WAL-MART SUPERCENTER #3569 AUSTIN TRAVIS TX 78753","-97.6765823","30.3820591"
"337571","WAL-MART SUPERCENTER #404 SAN MARCOS HAYS TX 78666","-97.9445724","29.8778152"
"337572","WAL-MART SUPERCENTER #4219 BUDA HAYS TX 78610","-97.8430328","30.0815792"
"337573","WAL-MART SUPERCENTER #4554 AUSTIN TRAVIS TX 78757","-97.7334518","30.3523293"
"1509435","612, 44","",""
"337574","WAL-MART SUPERCENTER #475 ROUND ROCK WILLIAMSON TX 78664","-97.6772232","30.5090408"
"337575","WAL-MART SUPERCENTER #5317 AUSTIN TRAVIS TX 78748","-97.8204117","30.1602802"
"337576","WAL-MART SUPERCENTER #5478 AUSTIN TRAVIS TX 78726","-97.8450089","30.4219303"
"337577","WAL-MART SUPERCENTER #5479 PFLUGERVILLE TRAVIS TX 78660","-97.6199265","30.4405594"
"337578","WAL-MART SUPERCENTER #5480 ROUND ROCK WILLIAMSON TX 78664","-97.6772232","30.5090408"
"337579","WAL-MART SUPERCENTER #77 TAYLOR WILLIAMSON TX 76574","-97.4018631","30.5685196"
"547567","Khartoum, Sudan","33.11909","15.89935"
"337580","WAL-MART SUPERCENTER #865 NEW BRAUNFELS COMAL TX 78130","-98.1183853","29.7003651"
"337581","WAL-MART SUPERCENTER #901 SEGUIN GUADALUPE TX 78155","-97.964653","29.5692692"
"537584","114, rue des Troènes - 31200 Toulouse","1.41523","43.6206703"
"537585","116, avenue du 11 novembre - 19100 Brive","4.3971901","50.83284"
"537586","125, cours de Verdun - 1100 Oyonnax","5.6429501","46.2540817"
"537587","26, avenue du général Sarrail - 75016 Paris","2.2552614","48.8445854"
"537588","26, Cours de la Libération - 38100 Grenoble","5.7151198","45.1776009"
"537589","35 rue du Clos-Four - 63100 Clermont-Ferrand","3.1081023","45.7905769"
"537590","92000 Colombes","2.25265","48.9220886"
"537591","920 rue de Bugarel - 34070 Montpellier","3.8510091","43.5922241"
"537592","Allée Aimé Giral - 66000 Perpignan","2.8908172","42.7146339"
"537593","Quai Lafontan 83000 Toulon - 83000 Toulon","5.9302902","43.125351"
"537594","Rond point Saint Léon - 64100 Bayonne","-1.4818988","43.4879456"
"537595","rue Cino del Duca - 64200 Biarritz","-1.53871","43.4816399"
"537596","Rue de Bisséous - 81100 Castres","2.25511","43.6107788"
"537597","Stade André-Moga - 33130 Bègles","-0.5539","44.8080788"
"635470","115 W 31st StNew York, NY,10001","",""
"554901","3440 Leahi Ave.HonoluluHawaii","-157.8149719","21.2728691"
"554902","3501 Harry Langdon Blvd.Council BluffsIowa","-95.8200912","41.2255211"
"554903","3518 Jefferson AvenueRedwood CityCalifornia","-75.8021927","44.3027611"
"547291","1210 Third Avenue","-122.1600647","52.1470337"
"547292","1324 Second Avenue","-139.4283905","64.0655136"
"547293","1329 Second Avenue","-139.4284973","64.0658035"
"547294","1341 Second Avenue","-115.0538483","49.5096092"
"547295","1345 Second Avenue","-139.428299","64.0659256"
"547296","1390 Second Avenue","-139.4275665","64.0660248"
"547297","1420 Third Avenue","-122.1605225","52.1473503"
"547298","1424 Third Avenue","-122.1605377","52.1473541"
"547299","1433 Third Avenue","-122.1606979","52.14711"
"547300","1461 First Avenue","28.1664944","-26.21171"
"547301","1491 First Avenue","28.4673653","-26.4177494"
"547302","1571 Second Avenue","-139.4256592","64.0680237"
"547303","157 East 71st Street","-106.6673431","52.2019463"
"547304","1592 First Avenue","-78.8447723","40.4063797"
"547305","1610 York Avenue","18.7613907","-34.0404701"
"547306","163 East 71st Street","-106.6670609","52.2019463"
"547307","1640 York Avenue","10.7395201","59.31847"
"547308","1641 First Avenue","-80.3593826","41.8891068"
"547309","1644 Third Avenue","-122.1611023","52.1476402"
"547310","1646 Third Avenue","-122.1611099","52.147644"
"547311","1654 Third Avenue","-122.1611328","52.1476517"
"547312","1662 Third Avenue","-122.1611557","52.1476593"
"547313","1666 Third Avenue","-122.1611633","52.1476631"
"547314","1674 Third Avenue","-122.1611862","52.1476707"
"547315","1702 Second Avenue","-117.8050461","49.0798035"
"547317","230 East 71st Street","-106.6638947","52.2022095"
"547318","251 East 71st Street","-106.6629639","52.2019348"
"547319","330 East 90th Street","121.294342","25.0186043"
"537598","114, rue des Troènes - 31200 Toulouse, France","1.41523","43.6206703"
"537599","116, avenue du 11 novembre - 19100 Brive, France","1.9323863","45.093647"
"537600","125, cours de Verdun - 1100 Oyonnax, France","5.6429501","46.2540817"
"537601","26, avenue du général Sarrail - 75016 Paris, France","2.2552614","48.8445854"
"537602","26, Cours de la Libération - 38100 Grenoble, France","5.7151198","45.1776009"
"537603","35 rue du Clos-Four - 63100 Clermont-Ferrand, France","3.1081023","45.7905769"
"537604","92000 Colombes, France","2.25265","48.9220886"
"537605","920 rue de Bugarel - 34070 Montpellier, France","3.8510091","43.5922241"
"537606","Allée Aimé Giral - 66000 Perpignan, France","2.8908172","42.7146339"
"537607","Quai Lafontan 83000 Toulon - 83000 Toulon, France","5.9302902","43.125351"
"537608","Rond point Saint Léon - 64100 Bayonne, France","-1.4818988","43.4879456"
"537609","rue Cino del Duca - 64200 Biarritz, France","-1.53871","43.4816399"
"537610","Rue de Bisséous - 81100 Castres, France","2.25511","43.6107788"
"537611","Stade André-Moga - 33130 Bègles, France","-0.5539","44.8080788"
"547320","337 East 94th Street","121.1674881","25.0531254"
"547321","412 East 85 Street","-73.9704361","45.9536095"
"547322","681 PARK AVENUE","-96.5129776","50.0618591"
"547323","8 HENDERSON PLACE","-105.2724686","53.7469826"
"547324","East 82nd Street","-113.4673691","53.5759315"
"554904","3902 N. Flowing Wells Rd.TucsonArizona","-110.9945297","32.2778091"
"554905","3911 Central Ave.Great FallsMontana","-111.2393265","47.5054817"
"554906","39350 Gallaudet DriveFremontCalifornia","-121.9640503","37.5581856"
"554907","4000 Santo Tomas DriveLos AngelesCalifornia","-118.3437271","34.0086594"
"556929","Agüero , 512 ,Buenos Aires, Argentina","-58.4118347","-34.6038132"
"554909","401 Turin StreetRomeNew York","-75.455101","43.2239647"
"554910","40 Armington StreetAllstonMassachusetts","-71.1310501","42.3545837"
"554911","415 Cedar St., SEAlbuquerqueNew Mexico","-106.6348495","35.0788498"
"3026801","11 Nod Hill Rd Newton, MA 02461 United States","",""
"556931","Araoz , 2422 ,Buenos Aires, Argentina","-58.4162025","-34.5863686"
"556932","Av. Beiro, 3124 ,Buenos Aires, Argentina","-58.4972191","-34.5969963"
"556933","Av. Beiro, 3334 ,Buenos Aires, Argentina","-58.5000076","-34.5987282"
"556934","Av. Boyaca , 28 ,Buenos Aires, Argentina","-58.4569206","-34.6265068"
"554917","500 Morse RoadColumbusOhio","-83.0042572","40.0647583"
"556935","Av. Cabildo, 3241 ,Buenos Aires, Argentina","-58.4652214","-34.5523872"
"554919","50 E. North Street in Buffalo, NYBuffaloNew York","-78.8672333","42.9025993"
"554920","517 W. Fleming DrMorgantonNorth Carolina","-81.6878967","35.7298203"
"554921","555 Knollwood RoadWhite PlainsNew York","-73.7986069","41.0537109"
"554922","5720 McNeil DriveAustinTexas","-97.7322388","30.4476509"
"556936","Av Cabildo , 4665 ,Buenos Aires, Argentina","-58.4734344","-34.5417328"
"556937","Av. Cordoba, 2988 ,Buenos Aires, Argentina","-58.4091568","-34.5982361"
"556938","Av. Córdoba , 543 ,Buenos Aires, Argentina","-58.3745956","-34.5985565"
"556939","Av. Córdoba , 634 ,Buenos Aires, Argentina","-58.3759308","-34.5988998"
"3026802","121 Village Commons Bld. Georgetown, TX 78633 United States","-97.7137222","30.6913891"
"556941","Av. De Mayo  , 948 ,Buenos Aires, Argentina","-58.3798752","-34.6090889"
"554930","742 Harrison Blvd.OgdenUtah","-111.9488983","41.2710762"
"554932","7654 N. 19th Ave.PhoenixArizona","-112.085968","33.5487328"
"554933","7900 N. Eldridge ParkwayHoustonTexas","-95.605957","29.8906708"
"554935","80 East End AvenueNew YorkNew York","-73.9464417","40.7733383"
"554938","8607 Anderson Mill RoadAustinTexas","-97.7704468","30.4548054"
"554940","890 North Indian Creek DriveClarkstonGeorgia","-84.2401199","33.8025589"
"554941","9192 Waldemar RoadIndianapolisIndiana","-86.2294006","39.9190712"
"556942","Av. Diaz Velez, 4820 ,Buenos Aires, Argentina","-58.4351578","-34.6088753"
"554946","One Mackworth IslandFalmouthMaine","-70.2347794","43.6894417"
"537614","104-50 103 STREET","32.8823318","39.9230995"
"537615","108-27 39 AVENUE","27.0944538","38.3934479"
"556943","Av. Dorrego, 1735 ,Buenos Aires, Argentina","-58.4429474","-34.5815697"
"537617","110-21 FRANCIS LEWIS BLVD","-122.929512","46.6978035"
"556944","Av. J. B. Justo, 1634 ,Buenos Aires, Argentina","-58.4360657","-34.5862236"
"3026803","122-2nd ave Nederland, TX 77627 United States","",""
"537620","112-40 DILLON STREET","-60.1846466","46.1351395"
"556946","Av Juan B. Justo, 1625 ,Buenos Aires, Argentina","-58.4361115","-34.5861015"
"537622","122-16 18 AVENUE","-77.0077972","-12.1217108"
"537623","126-07 MERRICK BOULEVARD","-121.0131607","55.1278458"
"556947","Av. Juan B. Justo , 1658 ,Buenos Aires, Argentina","-58.436203","-34.5863304"
"537625","131-10 135 PLACE","20.4630795","53.7785645"
"537626","138-55 SPRINGFIELD BLVD","-72.6333771","42.1080856"
"556948","Av. Juan B. Justo , 1659 ,Buenos Aires, Argentina","-58.4363098","-34.5862541"
"537628","157 BEACH 26 STREET","-103.8887329","47.0376663"
"537629","161-51 BAISLEY BOULEVARD","-65.8211899","47.1867447"
"537630","2028 GROVE STREET","-80.5521011","35.8086967"
"556949","Av. La Plata  , 731 ,Buenos Aires, Argentina","-58.4275551","-34.6241188"
"554954","Yarmouth Hall, Pineland Farms 19 Yarmouth Dr., Ste 201New GloucesterMaine","-66.0915604","43.8197517"
"537633","217-08 CORBETT ROAD","-60.4716301","46.8956566"
"537634","220-05 MERRICK BOULEVARD","-121.013237","55.1278458"
"537635","220-27 137 AVENUE","-113.3204727","53.5996361"
"537636","227-02 LINDEN BOULEVARD","-77.4968414","44.1273384"
"556950","Av. Libertador, 3883 ,Buenos Aires, Argentina","-58.4231186","-34.5714264"
"556951","Av. Mosconi , 2883 ,Buenos Aires, Argentina","-58.5020447","-34.5859795"
"537639","233-02 LINDEN BOULEVARD","-77.4968414","44.1273384"
"537640","23-81 38 STREET","-77.1718369","-11.797267"
"556952","Av. Nazca , 55 ,Buenos Aires, Argentina","-58.4698105","-34.6298981"
"556953","Av. Niceto Vega, 5452 ,Buenos Aires, Argentina","-58.4380264","-34.5878143"
"556954","Av. Niceto Vega, 5534 ,Buenos Aires, Argentina","-58.4388504","-34.5872345"
"556955","Av. Rivadavia, 10925 ,Buenos Aires, Argentina","-58.517807","-34.6389771"
"537645","27-31 MC INTOSH STREET","-79.2541504","43.7036514"
"556956","Av. Rivadavia, 1908 ,Buenos Aires, Argentina","-58.3936272","-34.6094894"
"556957","Av. Rivadavia , 3469 ,Buenos Aires, Argentina","-58.4154816","-34.6106415"
"556958","Av. Rivadavia , 7217 ,Buenos Aires, Argentina","-58.4671822","-34.6298943"
"537649","31-16 101 STREET","-79.4114609","47.2667847"
"556959","Av. Rivadavia , 7425 ,Buenos Aires, Argentina","-58.4701767","-34.6306686"
"556960","Av. Rivadavia , 7428 ,Buenos Aires, Argentina","-58.4701271","-34.6309357"
"556961","Av. Rivadavia, 878 ,Buenos Aires, Argentina","-58.3788872","-34.6084137"
"556962","Av. Rivadavia, 9131 ,Buenos Aires, Argentina","-58.492672","-34.6362648"
"556963","Av. San Martín, 6101 ,Buenos Aires, Argentina","-58.5019112","-34.5949211"
"537655","33-10 38 AVENUE","-82.7225113","27.8063641"
"556964","Av San M Artín , 6628 ,Buenos Aires, Argentina","-58.5078506","-34.5930099"
"556965","Av. Santa Fé, 3651 ,Buenos Aires, Argentina","-58.4152908","-34.5853767"
"556966","Av. Santa Fe , 4389 ,Buenos Aires, Argentina","-58.4230919","-34.5797195"
"537659","34-27 101 STREET","-79.4114609","47.2667847"
"3026804","122 2nd Ave Nederland, TX 77627 United States","",""
"537661","3-44 BEACH 91 STREET","-74.2084351","39.6055069"
"2746670","10739 AUTUMN MEADOW LN, HOUSTON, TX, USA","",""
"537680","38-37 9 STREET","27.1216793","38.3270988"
"537689","416 BEACH 30 STREET","-103.9856491","46.9787483"
"554955","1023 Longwood Avenue, Bronx, NY, new york, new york, usa","-73.896347","40.8167305"
"554956","1055 St.John's Place, Brooklyn,NY, new york, new york, usa","-73.9433212","40.6713715"
"537705","45-53 BELL BOULEVARD","-80.2065887","44.4911804"
"554957","1115 Intervale Avenue, Bronx, new york, new york, usa","-73.8968353","40.8266945"
"554958","1339 Lincoln Place, Brooklyn, NY, new york, new york, usa","-73.9321671","40.6699219"
"554959","15 East Clarke Place, Bronx, new york, new york, usa","-73.9182892","40.8383293"
"554960","1610 Sedgwick Avenue & 1523 Undercliff Avenue, new york, new york, usa","-73.9190979","40.8526802"
"554961","1920 Washington Avenue, Bronx, new york, new york, usa","-73.8975983","40.8472595"
"554962","200 East 131 Street, New York, new york, new york, usa","-73.9348907","40.8081322"
"554963","2065 Morris Avenue, Bronx, NY, new york, new york, usa","-73.9054489","40.8537102"
"554964","225-241 East 118th Street, Manhattan, new york, new york, usa","-73.9376068","40.7988892"
"554965","2960 West 29th Street,, new york, new york, usa","-73.9952545","40.5738602"
"554966","2961 West 30th Street,, new york, new york, usa","-73.9959641","40.573822"
"554967","33 West End Avenue & West 61st Street, New York, NY, new york, new york, usa","-73.9895172","40.7728806"
"554968","3880 Orloff Avenue, Bronx, NY, new york, new york, usa","-73.8957291","40.8840904"
"554969","535 Union Avenue, Bronx, NY, new york, new york, usa","-73.9058838","40.8117104"
"537719","504 BEACH 64 STREET","-82.5826492","31.4877529"
"554970","700 Rosewood Street, Bronx, NY, new york, new york, usa","-73.8669205","40.8730736"
"554971","810 East 152nd Street, Bronx, new york, new york, usa","-73.9049683","40.8150787"
"554972","871 Westchester Avenue, Bronx, new york, new york, usa","-73.900589","40.8204918"
"554973","890 Prospect Avenue, Bronx, new york, new york, usa","-73.9007034","40.8208084"
"554974","927-29 Courtlandt Avenue, Bronx, NY, new york, new york, usa","-73.9143982","40.8257217"
"554975","Address, new york, new york, usa","-73.7942276","40.6747398"
